Angle (deg),
36.598,
34.499,
32.382,
30.242,
28.076,
25.879,
23.644,
21.365,
19.03,
16.626,
14.135,
11.531,
8.778,
5.822,
2.582,
-1.077,
-5.38,
-10.747,
-18.023,
-29.08,
-47.912,
-70.492,
-50.402,
-30.595,
-19.014,
-11.485,
-5.984,
-1.603,
2.103,
5.376,
8.354,
11.122,
13.737,
16.235,
18.645,
20.984,
23.266,
25.502,
27.7,
29.866,
32.006,
34.123,
36.221,
38.302,
40.369,
42.423,
44.465,
46.498,
48.523,
50.54,
52.55,
54.553,
56.552,
58.545,
60.535,
62.52,
64.502,
66.48,
68.456,
70.43,
72.401,
74.37,
76.337,
78.302,
80.266,
82.228,
84.188,
86.143,
88.084,
89.592,
87.912,
85.969,
84.013,
82.054,
80.093,
78.131,
76.167,
74.201,
72.234,
70.266,
68.295,
66.322,
64.346,
62.367,
60.385,
58.4,
56.41,
54.416,
52.416,
50.411,
48.399,
46.379,
44.352,
42.314,
40.266,
38.206,
36.131,
34.039,
31.929,
29.796,
27.637,
25.446,
23.218,
20.944,
18.614,
16.214,
13.725,
11.121,
8.365,
5.403,
2.152,
-1.524,
-5.848,
-11.23,
-18.452,
-29.031,
-44.72,
-55.472,
-42.018,
-27.153,
-17.271,
-10.43,
-5.263,
-1.068,
2.523,
5.718,
8.638,
11.362,
13.941,
16.409,
18.792,
21.107,
23.367,
25.582,
27.761,
29.908,
32.029,
34.128,
36.208,
38.271,
40.32,
42.356,
44.38,
46.395,
48.4,
50.398,
52.388,
54.371,
56.348,
58.32,
60.285,
62.246,
64.201,
66.151,
68.095,
70.034,
71.965,
73.888,
75.801,
77.698,
79.575,
81.417,
83.198,
84.855,
86.223,
86.894,
86.449,
85.189,
83.576,
81.816,
79.986,
78.118,
76.228,
74.322,
72.405,
70.48,
68.548,
66.611,
64.668,
62.721,
60.769,
58.813,
56.851,
54.885,
52.913,
50.936,
48.952,
46.961,
44.962,
42.954,
40.937,
38.908,
36.867,
34.811,
32.739,
30.647,
28.533,
26.392,
24.22,
22.009,
19.754,
17.442,
15.06,
12.591,
10.009,
7.282,
4.36,
1.174,
-2.376,
-6.429,
-11.16,
-16.668,
-22.498,
-26.561,
-25.861,
-21.037,
-15.209,
-9.926,
-5.41,
-1.52,
1.91,
5.009,
7.865,
10.542,
13.083,
15.519,
17.872,
20.159,
22.393,
24.582,
26.735,
28.857,
30.953,
33.027,
35.081,
37.118,
39.14,
41.15,
43.147,
45.133,
47.11,
49.077,
51.036,
52.987,
54.931,
56.866,
58.794,
60.714,
62.626,
64.529,
66.421,
68.302,
70.169,
72.018,
73.845,
75.641,
77.395,
79.088,
80.687,
82.134,
83.333,
84.128,
84.348,
83.93,
82.987,
81.697,
80.195,
78.565,
76.853,
75.087,
73.285,
71.456,
69.606,
67.742,
65.864,
63.976,
62.08,
60.175,
58.263,
56.344,
54.418,
52.485,
50.546,
48.6,
46.646,
44.684,
42.714,
40.734,
38.743,
36.741,
34.726,
32.696,
30.649,
28.582,
26.492,
24.375,
22.227,
20.041,
17.81,
15.524,
13.171,
10.735,
8.196,
5.529,
2.704,
-0.31,
-3.533,
-6.936,
-10.349,
-13.315,
-15.035,
-14.81,
-12.748,
-9.64,
-6.22,
-2.864,
0.299,
3.257,
6.034,
8.661,
11.166,
13.574,
15.902,
18.166,
20.377,
22.545,
24.675,
26.774,
28.847,
30.897,
32.927,
34.94,
36.937,
38.921,
40.892,
42.852,
44.801,
46.74,
48.67,
50.591,
52.503,
54.406,
56.3,
58.185,
60.059,
61.923,
63.774,
65.61,
67.43,
69.229,
71.003,
72.744,
74.442,
76.082,
77.643,
79.09,
80.373,
81.418,
82.131,
82.417,
82.231,
81.603,
80.621,
79.384,
77.969,
76.432,
74.809,
73.125,
71.397,
69.634,
67.845,
66.035,
64.208,
62.367,
60.514,
58.65,
56.776,
54.894,
53.003,
51.104,
49.197,
47.282,
45.359,
43.427,
41.487,
39.536,
37.575,
35.602,
33.616,
31.616,
29.599,
27.563,
25.506,
23.424,
21.313,
19.168,
16.983,
14.749,
12.459,
10.102,
7.665,
5.139,
2.517,
-0.194,
-2.948,
-5.624,
-7.974,
-9.602,
-10.1,
-9.316,
-7.486,
-5.037,
-2.333,
0.411,
3.097,
5.692,
8.191,
10.603,
12.939,
15.21,
17.426,
19.597,
21.728,
23.826,
25.896,
27.941,
29.965,
31.971,
33.96,
35.935,
37.896,
39.845,
41.784,
43.712,
45.63,
47.539,
49.439,
51.33,
53.212,
55.085,
56.948,
58.8,
60.64,
62.468,
64.28,
66.075,
67.849,
69.596,
71.311,
72.984,
74.602,
76.146,
77.591,
78.895,
80.007,
80.854,
81.361,
81.464,
81.152,
80.463,
79.473,
78.256,
76.876,
75.377,
73.794,
72.147,
70.453,
68.721,
66.961,
65.178,
63.376,
61.558,
59.725,
57.881,
56.026,
54.16,
52.286,
50.402,
48.51,
46.609,
44.699,
42.78,
40.851,
38.912,
36.962,
35,
33.025,
31.034,
29.028,
27.002,
24.954,
22.882,
20.78,
18.645,
16.47,
14.249,
11.973,
9.634,
7.221,
4.73,
2.16,
-0.466,
-3.082,
-5.543,
-7.58,
-8.83,
-8.977,
-7.981,
-6.104,
-3.717,
-1.12,
1.514,
4.102,
6.616,
9.049,
11.407,
13.7,
15.935,
18.123,
20.269,
22.379,
24.46,
26.516,
28.548,
30.562,
32.558,
34.539,
36.507,
38.462,
40.406,
42.34,
44.265,
46.18,
48.087,
49.985,
51.875,
53.756,
55.628,
57.491,
59.344,
61.185,
63.014,
64.828,
66.624,
68.4,
70.149,
71.865,
73.538,
75.154,
76.693,
78.125,
79.408,
80.481,
81.266,
81.682,
81.674,
81.241,
80.443,
79.36,
78.069,
76.63,
75.086,
73.465,
71.788,
70.068,
68.314,
66.535,
64.734,
62.915,
61.081,
59.235,
57.376,
55.507,
53.628,
51.74,
49.843,
47.937,
46.021,
44.096,
42.162,
40.216,
38.26,
36.292,
34.31,
32.313,
30.299,
28.266,
26.211,
24.131,
22.022,
19.878,
17.693,
15.46,
13.168,
10.806,
8.36,
5.814,
3.152,
0.367,
-2.527,
-5.457,
-8.228,
-10.454,
-11.604,
-11.3,
-9.647,
-7.132,
-4.252,
-1.31,
1.554,
4.298,
6.919,
9.43,
11.848,
14.187,
16.461,
18.681,
20.856,
22.993,
25.099,
27.177,
29.232,
31.267,
33.284,
35.286,
37.274,
39.251,
41.216,
43.171,
45.117,
47.055,
48.985,
50.907,
52.821,
54.728,
56.627,
58.518,
60.401,
62.274,
64.137,
65.988,
67.824,
69.643,
71.44,
73.208,
74.938,
76.616,
78.22,
79.716,
81.05,
82.139,
82.87,
83.128,
82.861,
82.123,
81.029,
79.69,
78.19,
76.581,
74.898,
73.163,
71.39,
69.587,
67.762,
65.918,
64.06,
62.189,
60.306,
58.414,
56.512,
54.601,
52.682,
50.754,
48.818,
46.873,
44.918,
42.954,
40.979,
38.992,
36.992,
34.978,
32.948,
30.9,
28.831,
26.737,
24.615,
22.46,
20.264,
18.021,
15.719,
13.345,
10.881,
8.303,
5.581,
2.672,
-0.475,
-3.92,
-7.7,
-11.747,
-15.666,
-18.443,
-18.77,
-16.447,
-12.656,
-8.562,
-4.688,
-1.152,
2.072,
5.042,
7.813,
10.43,
12.927,
15.329,
17.656,
19.921,
22.137,
24.312,
26.452,
28.564,
30.651,
32.717,
34.766,
36.798,
38.817,
40.824,
42.821,
44.807,
46.785,
48.755,
50.718,
52.674,
54.624,
56.568,
58.505,
60.437,
62.363,
64.282,
66.194,
68.098,
69.993,
71.875,
73.743,
75.591,
77.411,
79.189,
80.901,
82.503,
83.907,
84.947,
85.371,
85.017,
84.023,
82.643,
81.053,
79.346,
77.57,
75.75,
73.9,
72.029,
70.142,
68.242,
66.332,
64.413,
62.486,
60.552,
58.611,
56.663,
54.708,
52.747,
50.778,
48.801,
46.817,
44.823,
42.819,
40.804,
38.777,
36.736,
34.68,
32.605,
30.51,
28.391,
26.243,
24.062,
21.841,
19.571,
17.241,
14.837,
12.338,
9.718,
6.936,
3.936,
0.632,
-3.109,
-7.495,
-12.857,
-19.633,
-27.894,
-34.915,
-33.959,
-26.177,
-18.099,
-11.604,
-6.448,
-2.196,
1.455,
4.699,
7.658,
10.411,
13.013,
15.498,
17.894,
20.218,
22.486,
24.707,
26.891,
29.042,
31.167,
33.269,
35.351,
37.417,
39.469,
41.508,
43.535,
45.553,
47.563,
49.565,
51.56,
53.549,
55.532,
57.51,
59.484,
61.454,
63.42,
65.382,
67.341,
69.296,
71.247,
73.195,
75.138,
77.075,
79.004,
80.921,
82.817,
84.67,
86.414,
87.776,
87.84,
86.532,
84.802,
82.952,
81.057,
79.139,
77.209,
75.269,
73.323,
71.373,
69.417,
67.458,
65.495,
63.528,
61.556,
59.581,
57.6,
55.615,
53.624,
51.627,
49.624,
47.613,
45.594,
43.565,
41.526,
39.476,
37.412,
35.332,
33.235,
31.116,
28.974,
26.803,
24.599,
22.353,
20.057,
17.701,
15.267,
12.734,
10.073,
7.241,
4.171,
0.763,
-3.155,
-7.881,
-13.997,
-22.745,
-37.042,
-62.541,
-69.1,
-41.147,
-24.997,
-15.403,
-8.866,
-3.906,
0.153,
3.654,
6.787,
9.666,
12.362,
14.922,
17.378,
19.754,
22.065,
24.325,
26.542,
28.724,
30.877,
33.006,
35.113,
37.203,
39.276,
41.337,
43.385,
45.423,
47.452,
49.473,
51.487,
53.495,
55.497,
57.494,
59.486,
61.475,
63.46,
65.441,
67.42,
69.396,
71.37,
73.342,
75.312,
77.279,
79.245,
81.209,
83.169,
85.122,
87.057,
88.88,
88.742,
86.894,
84.956,
83.001,
81.04,
79.076,
77.109,
75.14,
73.169,
71.196,
69.22,
67.242,
65.261,
63.277,
61.29,
59.299,
57.304,
55.304,
53.299,
51.288,
49.271,
47.246,
45.213,
43.171,
41.119,
39.054,
36.976,
34.882,
32.77,
30.637,
28.479,
26.291,
24.068,
21.803,
19.485,
17.103,
14.64,
12.073,
9.37,
6.484,
3.343,
-0.162,
-4.217,
-9.143,
-15.543,
-24.572,
-37.988,
-52.331,
-46.216,
-30.722,
-19.63,
-12.068,
-6.484,
-2.033,
1.727,
5.038,
8.045,
10.837,
13.47,
15.984,
18.406,
20.755,
23.047,
25.291,
27.497,
29.671,
31.817,
33.941,
36.044,
38.131,
40.203,
42.261,
44.309,
46.346,
48.375,
50.395,
52.409,
54.415,
56.416,
58.411,
60.401,
62.386,
64.365,
66.341,
68.311,
70.275,
72.234,
74.185,
76.126,
78.055,
79.963,
81.838,
83.653,
85.336,
86.682,
87.162,
86.411,
84.951,
83.226,
81.392,
79.507,
77.593,
75.661,
73.717,
71.765,
69.805,
67.839,
65.868,
63.892,
61.911,
59.925,
57.935,
55.939,
53.938,
51.93,
49.917,
47.896,
45.867,
43.829,
41.781,
39.722,
37.65,
35.563,
33.46,
31.336,
29.191,
27.018,
24.813,
22.57,
20.281,
17.934,
15.517,
13.01,
10.387,
7.613,
4.633,
1.371,
-2.294,
-6.546,
-11.66,
-17.977,
-25.45,
-31.751,
-31.437,
-24.853,
-17.417,
-11.189,
-6.144,
-1.941,
1.691,
4.931,
7.894,
10.656,
13.27,
15.769,
18.18,
20.522,
22.807,
25.046,
27.248,
29.418,
31.561,
33.681,
35.782,
37.866,
39.935,
41.991,
44.036,
46.071,
48.096,
50.113,
52.122,
54.124,
56.119,
58.108,
60.09,
62.067,
64.036,
65.999,
67.955,
69.901,
71.838,
73.761,
75.666,
77.547,
79.39,
81.175,
82.857,
84.344,
85.444,
85.836,
85.34,
84.178,
82.659,
80.961,
79.168,
77.319,
75.435,
73.527,
71.603,
69.665,
67.718,
65.762,
63.799,
61.829,
59.853,
57.87,
55.882,
53.887,
51.885,
49.876,
47.86,
45.836,
43.802,
41.758,
39.703,
37.635,
35.553,
33.454,
31.335,
29.195,
27.028,
24.83,
22.595,
20.315,
17.98,
15.577,
13.089,
10.491,
7.75,
4.82,
1.634,
-1.906,
-5.938,
-10.633,
-16.098,
-21.915,
-26.062,
-25.495,
-20.719,
-14.877,
-9.568,
-5.026,
-1.111,
2.345,
5.471,
8.356,
11.063,
13.636,
16.104,
18.491,
20.814,
23.083,
25.31,
27.5,
29.661,
31.796,
33.91,
36.005,
38.083,
40.148,
42.2,
44.241,
46.271,
48.293,
50.307,
52.313,
54.311,
56.303,
58.289,
60.268,
62.24,
64.206,
66.164,
68.114,
70.054,
71.983,
73.896,
75.789,
77.654,
79.476,
81.228,
82.862,
84.276,
85.267,
85.545,
84.991,
83.823,
82.317,
80.634,
78.854,
77.015,
75.139,
73.238,
71.319,
69.386,
67.442,
65.489,
63.528,
61.56,
59.585,
57.603,
55.615,
53.62,
51.619,
49.61,
47.593,
45.567,
43.532,
41.487,
39.43,
37.36,
35.274,
33.172,
31.049,
28.904,
26.731,
24.526,
22.282,
19.991,
17.643,
15.223,
12.713,
10.086,
7.307,
4.324,
1.061,
-2.593,
-6.8,
-11.773,
-17.662,
-23.975,
-28.17,
-26.761,
-21.104,
-14.842,
-9.386,
-4.801,
-0.877,
2.577,
5.698,
8.578,
11.281,
13.85,
16.316,
18.7,
21.021,
23.289,
25.515,
27.705,
29.865,
32.001,
34.114,
36.21,
38.289,
40.355,
42.408,
44.45,
46.483,
48.507,
50.523,
52.532,
54.534,
56.53,
58.52,
60.505,
62.484,
64.457,
66.424,
68.385,
70.339,
72.283,
74.217,
76.136,
78.034,
79.901,
81.715,
83.435,
84.963,
86.071,
86.353,
85.646,
84.306,
82.673,
80.903,
79.061,
77.178,
75.269,
73.343,
71.404,
69.454,
67.497,
65.532,
63.562,
61.585,
59.603,
57.615,
55.621,
53.621,
51.614,
49.601,
47.579,
45.549,
43.51,
41.46,
39.398,
37.322,
35.231,
33.122,
30.993,
28.839,
26.657,
24.441,
22.184,
19.877,
17.509,
15.065,
12.522,
9.851,
7.011,
3.938,
0.538,
-3.343,
-7.955,
-13.72,
-21.285,
-31.039,
-39.53,
-37.111,
-27.212,
-18.25,
-11.46,
-6.199,
-1.905,
1.77,
5.031,
8.006,
10.776,
13.393,
15.896,
18.31,
20.653,
22.939,
25.18,
27.383,
29.554,
31.699,
33.82,
35.923,
38.009,
40.08,
42.139,
44.187,
46.224,
48.253,
50.275,
52.289,
54.298,
56.3,
58.298,
60.291,
62.279,
64.264,
66.244,
68.222,
70.195,
72.165,
74.13,
76.09,
78.044,
79.989,
81.92,
83.823,
85.665,
87.317,
88.164,
87.296,
85.64,
83.797,
81.893,
79.963,
78.018,
76.064,
74.104,
72.139,
70.17,
68.197,
66.22,
64.24,
62.256,
60.268,
58.276,
56.279,
54.277,
52.269,
50.255,
48.233,
46.204,
44.166,
42.118,
40.059,
37.987,
35.9,
33.795,
31.671,
29.523,
27.347,
25.139,
22.891,
20.594,
18.238,
15.808,
13.282,
10.633,
7.819,
4.778,
1.415,
-2.431,
-7.035,
-12.93,
-21.232,
-34.521,
-57.951,
-70.822,
-43.453,
-26.402,
-16.355,
-9.591,
-4.505,
-0.369,
3.182,
6.349,
9.253,
11.968,
14.542,
17.01,
19.394,
21.713,
23.979,
26.202,
28.389,
30.545,
32.677,
34.787,
36.878,
38.954,
41.015,
43.065,
45.104,
47.133,
49.154,
51.168,
53.175,
55.176,
57.172,
59.163,
61.15,
63.133,
65.112,
67.089,
69.063,
71.034,
73.003,
74.969,
76.934,
78.896,
80.857,
82.814,
84.767,
86.707,
88.587,
89.084,
87.285,
85.353,
83.404,
81.449,
79.491,
77.53,
75.568,
73.604,
71.638,
69.671,
67.701,
65.728,
63.753,
61.775,
59.793,
57.808,
55.818,
53.824,
51.824,
49.818,
47.806,
45.785,
43.757,
41.718,
39.668,
37.605,
35.527,
33.432,
31.318,
29.179,
27.014,
24.815,
22.577,
20.291,
17.946,
15.526,
13.011,
10.374,
7.572,
4.547,
1.205,
-2.604,
-7.137,
-12.86,
-20.651,
-32.035,
-47.063,
-50.395,
-36.085,
-23.48,
-14.894,
-8.724,
-3.929,
0.043,
3.491,
6.588,
9.439,
12.112,
14.652,
17.091,
19.45,
21.745,
23.989,
26.191,
28.358,
30.495,
32.608,
34.699,
36.772,
38.828,
40.871,
42.902,
44.921,
46.931,
48.932,
50.925,
52.911,
54.89,
56.863,
58.83,
60.791,
62.747,
64.698,
66.643,
68.581,
70.513,
72.438,
74.352,
76.254,
78.137,
79.994,
81.807,
83.54,
85.108,
86.298,
86.674,
86.002,
84.664,
83.034,
81.273,
79.447,
77.583,
75.697,
73.795,
71.881,
69.96,
68.031,
66.096,
64.157,
62.212,
60.262,
58.307,
56.348,
54.383,
52.413,
50.436,
48.453,
46.463,
44.465,
42.458,
40.441,
38.412,
36.37,
34.314,
32.24,
30.147,
28.03,
25.886,
23.71,
21.494,
19.231,
16.91,
14.517,
12.033,
9.432,
6.679,
3.723,
0.493,
-3.111,
-7.226,
-11.993,
-17.399,
-22.693,
-25.563,
-23.828,
-18.913,
-13.44,
-8.511,
-4.255,
-0.543,
2.763,
5.774,
8.567,
11.196,
13.7,
16.107,
18.436,
20.704,
22.922,
25.098,
27.239,
29.351,
31.438,
33.503,
35.55,
37.58,
39.596,
41.599,
43.591,
45.572,
47.543,
49.506,
51.46,
53.406,
55.344,
57.274,
59.197,
61.111,
63.017,
64.912,
66.797,
68.67,
70.527,
72.364,
74.177,
75.955,
77.686,
79.347,
80.901,
82.282,
83.384,
84.05,
84.13,
83.602,
82.595,
81.274,
79.759,
78.123,
76.411,
74.647,
72.847,
71.021,
69.174,
67.312,
65.438,
63.553,
61.659,
59.756,
57.847,
55.93,
54.006,
52.076,
50.138,
48.194,
46.241,
44.281,
42.312,
40.333,
38.344,
36.343,
34.328,
32.298,
30.251,
28.184,
26.093,
23.975,
21.825,
19.637,
17.403,
15.112,
12.754,
10.311,
7.764,
5.089,
2.258,
-0.757,
-3.964,
-7.307,
-10.573,
-13.252,
-14.567,
-13.981,
-11.753,
-8.653,
-5.317,
-2.059,
1.02,
3.91,
6.634,
9.219,
11.691,
14.072,
16.379,
18.625,
20.821,
22.976,
25.095,
27.185,
29.25,
31.292,
33.316,
35.322,
37.314,
39.292,
41.258,
43.213,
45.157,
47.092,
49.017,
50.934,
52.841,
54.74,
56.629,
58.509,
60.378,
62.236,
64.081,
65.911,
67.723,
69.513,
71.276,
73.004,
74.686,
76.306,
77.84,
79.251,
80.486,
81.468,
82.102,
82.304,
82.039,
81.351,
80.329,
79.067,
77.638,
76.093,
74.466,
72.78,
71.051,
69.288,
67.5,
65.691,
63.865,
62.025,
60.173,
58.31,
56.437,
54.556,
52.666,
50.768,
48.862,
46.948,
45.026,
43.095,
41.155,
39.204,
37.244,
35.271,
33.285,
31.284,
29.267,
27.23,
25.172,
23.088,
20.975,
18.827,
16.639,
14.401,
12.107,
9.744,
7.303,
4.772,
2.149,
-0.553,
-3.279,
-5.89,
-8.117,
-9.558,
-9.841,
-8.881,
-6.952,
-4.475,
-1.782,
0.935,
3.591,
6.157,
8.632,
11.024,
13.343,
15.6,
17.804,
19.964,
22.087,
24.178,
26.241,
28.281,
30.3,
32.302,
34.287,
36.258,
38.216,
40.162,
42.097,
44.023,
45.939,
47.845,
49.743,
51.631,
53.511,
55.381,
57.241,
59.09,
60.928,
62.752,
64.561,
66.351,
68.12,
69.861,
71.569,
73.233,
74.839,
76.368,
77.791,
79.067,
80.139,
80.936,
81.38,
81.418,
81.043,
80.304,
79.275,
78.031,
76.632,
75.12,
73.526,
71.873,
70.173,
68.438,
66.675,
64.889,
63.085,
61.264,
59.431,
57.585,
55.728,
53.862,
51.986,
50.101,
48.208,
46.305,
44.394,
42.474,
40.543,
38.603,
36.651,
34.686,
32.709,
30.716,
28.706,
26.676,
24.624,
22.547,
20.44,
18.298,
16.116,
13.885,
11.598,
9.245,
6.818,
4.31,
1.725,
-0.912,
-3.525,
-5.951,
-7.901,
-9,
-8.962,
-7.798,
-5.806,
-3.359,
-0.738,
1.899,
4.483,
6.988,
9.412,
11.762,
14.047,
16.277,
18.458,
20.6,
22.707,
24.785,
26.838,
28.868,
30.88,
32.875,
34.855,
36.821,
38.776,
40.72,
42.653,
44.578,
46.493,
48.399,
50.297,
52.187,
54.068,
55.941,
57.804,
59.656,
61.498,
63.326,
65.14,
66.935,
68.71,
70.457,
72.17,
73.839,
75.449,
76.979,
78.396,
79.656,
80.694,
81.43,
81.782,
81.702,
81.2,
80.342,
79.213,
77.888,
76.423,
74.859,
73.223,
71.534,
69.804,
68.042,
66.256,
64.449,
62.625,
60.786,
58.935,
57.073,
55.2,
53.317,
51.426,
49.525,
47.615,
45.696,
43.767,
41.829,
39.879,
37.919,
35.946,
33.959,
31.957,
29.937,
27.898,
25.835,
23.747,
21.628,
19.473,
17.275,
15.026,
12.715,
10.331,
7.856,
5.276,
2.572,
-0.263,
-3.211,
-6.186,
-8.96,
-11.099,
-12.042,
-11.459,
-9.556,
-6.879,
-3.913,
-0.936,
1.941,
4.686,
7.304,
9.81,
12.223,
14.558,
16.828,
19.046,
21.219,
23.354,
25.459,
27.536,
29.591,
31.625,
33.643,
35.645,
37.634,
39.611,
41.578,
43.534,
45.481,
47.42,
49.352,
51.275,
53.191,
55.1,
57.001,
58.894,
60.778,
62.654,
64.519,
66.372,
68.21,
70.031,
71.83,
73.599,
75.329,
77.006,
78.605,
80.089,
81.4,
82.447,
83.108,
83.269,
82.896,
82.063,
80.896,
79.504,
77.965,
76.328,
74.624,
72.872,
71.085,
69.271,
67.436,
65.584,
63.719,
61.841,
59.952,
58.054,
56.147,
54.231,
52.307,
50.374,
48.433,
46.482,
44.523,
42.553,
40.573,
38.58,
36.575,
34.554,
32.517,
30.461,
28.383,
26.279,
24.146,
21.978,
19.767,
17.506,
15.182,
12.782,
10.284,
7.663,
4.885,
1.901,
-1.347,
-4.926,
-8.877,
-13.104,
-17.094,
-19.609,
-19.306,
-16.365,
-12.233,
-8.015,
-4.117,
-0.592,
2.611,
5.561,
8.316,
10.919,
13.405,
15.798,
18.118,
20.378,
22.59,
24.762,
26.9,
29.01,
31.097,
33.162,
35.211,
37.244,
39.263,
41.271,
43.268,
45.255,
47.235,
49.206,
51.171,
53.128,
55.08,
57.026,
58.966,
60.9,
62.828,
64.75,
66.665,
68.572,
70.47,
72.356,
74.228,
76.079,
77.902,
79.682,
81.392,
82.983,
84.353,
85.304,
85.559,
85.01,
83.869,
82.397,
80.751,
79.008,
77.206,
75.367,
73.503,
71.621,
69.724,
67.816,
65.899,
63.974,
62.041,
60.101,
58.155,
56.202,
54.243,
52.277,
50.303,
48.322,
46.332,
44.333,
42.324,
40.303,
38.27,
36.223,
34.159,
32.076,
29.972,
27.843,
25.684,
23.49,
21.253,
18.965,
16.612,
14.18,
11.645,
8.978,
6.134,
3.047,
-0.381,
-4.307,
-8.986,
-14.825,
-22.357,
-31.453,
-37.731,
-33.914,
-24.815,
-16.698,
-10.403,
-5.425,
-1.303,
2.257,
5.437,
8.349,
11.069,
13.645,
16.111,
18.491,
20.804,
23.063,
25.277,
27.454,
29.601,
31.722,
33.821,
35.902,
37.966,
40.016,
42.054,
44.081,
46.099,
48.109,
50.111,
52.106,
54.096,
56.08,
58.059,
60.034,
62.005,
63.972,
65.936,
67.897,
69.854,
71.808,
73.758,
75.704,
77.645,
79.579,
81.501,
83.403,
85.26,
86.99,
88.185,
87.726,
86.166,
84.354,
82.469,
80.554,
78.624,
76.684,
74.738,
72.786,
70.831,
68.871,
66.908,
64.941,
62.97,
60.996,
59.017,
57.033,
55.044,
53.05,
51.05,
49.042,
47.028,
45.004,
42.971,
40.928,
38.872,
36.802,
34.716,
32.611,
30.485,
28.333,
26.151,
23.933,
21.672,
19.358,
16.978,
14.515,
11.946,
9.236,
6.337,
3.174,
-0.371,
-4.502,
-9.583,
-16.351,
-26.441,
-43.826,
-74.75,
-60.702,
-35.448,
-21.688,
-13.217,
-7.246,
-2.602,
1.265,
4.642,
7.691,
10.509,
13.161,
15.688,
18.119,
20.474,
22.769,
25.016,
27.223,
29.397,
31.543,
33.665,
35.768,
37.853,
39.923,
41.98,
44.026,
46.062,
48.09,
50.109,
52.122,
54.128,
56.129,
58.125,
60.117,
62.104,
64.089,
66.07,
68.048,
70.024,
71.997,
73.968,
75.936,
77.902,
79.866,
81.826,
83.779,
85.719,
87.612,
89.099,
88.088,
86.226,
84.293,
82.341,
80.382,
78.419,
76.453,
74.484,
72.512,
70.539,
68.562,
66.583,
64.601,
62.616,
60.627,
58.635,
56.638,
54.636,
52.629,
50.616,
48.596,
46.568,
44.532,
42.487,
40.43,
38.361,
36.278,
34.178,
32.059,
29.918,
27.75,
25.551,
23.315,
21.034,
18.697,
16.291,
13.797,
11.19,
8.434,
5.475,
2.233,
-1.422,
-5.705,
-11,
-18.021,
-28.054,
-42.083,
-50.654,
-39.356,
-25.887,
-16.494,
-9.847,
-4.767,
-0.615,
2.955,
6.141,
9.06,
11.787,
14.373,
16.85,
19.244,
21.571,
23.844,
26.074,
28.267,
30.431,
32.568,
34.684,
36.781,
38.862,
40.929,
42.984,
45.027,
47.061,
49.087,
51.104,
53.115,
55.119,
57.117,
59.11,
61.097,
63.079,
65.057,
67.029,
68.996,
70.957,
72.911,
74.856,
76.79,
78.707,
80.598,
82.446,
84.209,
85.78,
86.859,
86.884,
85.836,
84.276,
82.518,
80.673,
78.783,
76.866,
74.933,
72.989,
71.035,
69.075,
67.108,
65.137,
63.16,
61.178,
59.191,
57.2,
55.202,
53.2,
51.19,
49.174,
47.151,
45.119,
43.078,
41.027,
38.963,
36.887,
34.794,
32.684,
30.554,
28.399,
26.216,
23.999,
21.741,
19.433,
17.064,
14.618,
12.075,
9.405,
6.566,
3.501,
0.118,
-3.718,
-8.214,
-13.665,
-20.324,
-27.576,
-31.771,
-28.7,
-21.59,
-14.714,
-9.052,
-4.405,
-0.466,
2.988,
6.103,
8.978,
11.675,
14.238,
16.7,
19.081,
21.399,
23.664,
25.887,
28.075,
30.234,
32.368,
34.48,
36.573,
38.651,
40.715,
42.766,
44.806,
46.837,
48.858,
50.872,
52.878,
54.877,
56.869,
58.855,
60.835,
62.808,
64.775,
66.734,
68.685,
70.627,
72.557,
74.472,
76.367,
78.232,
80.053,
81.8,
83.414,
84.774,
85.634,
85.686,
84.904,
83.587,
81.993,
80.258,
78.444,
76.583,
74.692,
72.779,
70.851,
68.91,
66.961,
65.003,
63.037,
61.066,
59.087,
57.103,
55.112,
53.115,
51.111,
49.1,
47.081,
45.053,
43.016,
40.968,
38.909,
36.836,
34.747,
32.641,
30.515,
28.365,
26.187,
23.976,
21.724,
19.425,
17.066,
14.633,
12.106,
9.459,
6.653,
3.635,
0.328,
-3.38,
-7.639,
-12.617,
-18.303,
-23.798,
-26.37,
-23.865,
-18.388,
-12.692,
-7.701,
-3.431,
0.283,
3.596,
6.618,
9.427,
12.076,
14.605,
17.039,
19.399,
21.699,
23.951,
26.162,
28.341,
30.491,
32.617,
34.723,
36.811,
38.884,
40.944,
42.991,
45.028,
47.055,
49.074,
51.084,
53.088,
55.084,
57.073,
59.056,
61.033,
63.003,
64.966,
66.922,
68.869,
70.805,
72.729,
74.636,
76.52,
78.372,
80.173,
81.89,
83.459,
84.744,
85.498,
85.449,
84.617,
83.289,
81.698,
79.969,
78.16,
76.304,
74.417,
72.507,
70.582,
68.644,
66.696,
64.739,
62.775,
60.803,
58.826,
56.841,
54.85,
52.853,
50.848,
48.836,
46.816,
44.787,
42.748,
40.698,
38.635,
36.559,
34.467,
32.357,
30.225,
28.069,
25.884,
23.664,
21.403,
19.09,
16.715,
14.261,
11.707,
9.024,
6.17,
3.083,
-0.324,
-4.184,
-8.688,
-14.063,
-20.355,
-26.47,
-28.862,
-25.255,
-18.891,
-12.786,
-7.633,
-3.298,
0.442,
3.765,
6.792,
9.602,
12.253,
14.781,
17.216,
19.576,
21.876,
24.128,
26.34,
28.519,
30.67,
32.798,
34.905,
36.994,
39.069,
41.13,
43.179,
45.218,
47.248,
49.269,
51.283,
53.289,
55.29,
57.284,
59.273,
61.256,
63.234,
65.206,
67.172,
69.132,
71.084,
73.027,
74.958,
76.874,
78.767,
80.624,
82.42,
84.099,
85.529,
86.401,
86.298,
85.282,
83.786,
82.077,
80.267,
78.401,
76.503,
74.583,
72.649,
70.704,
68.749,
66.788,
64.82,
62.846,
60.867,
58.882,
56.891,
54.894,
52.891,
50.882,
48.865,
46.84,
44.806,
42.763,
40.708,
38.641,
36.56,
34.462,
32.346,
30.207,
28.043,
25.849,
23.618,
21.343,
19.014,
16.618,
14.138,
11.55,
8.819,
5.897,
2.71,
-0.858,
-4.993,
-10.013,
-16.453,
-25.091,
-35.816,
-41.847,
-34.847,
-24.228,
-15.845,
-9.579,
-4.667,
-0.599,
2.925,
6.081,
8.982,
11.696,
14.272,
16.743,
19.132,
21.455,
23.725,
25.952,
28.144,
30.305,
32.442,
34.557,
36.653,
38.734,
40.801,
42.856,
44.9,
46.935,
48.961,
50.98,
52.992,
54.999,
57,
58.996,
60.988,
62.975,
64.959,
66.939,
68.915,
70.889,
72.858,
74.824,
76.785,
78.74,
80.686,
82.617,
84.519,
86.347,
87.901,
88.202,
86.867,
85.085,
83.198,
81.274,
79.331,
77.379,
75.42,
73.457,
71.489,
69.517,
67.542,
65.564,
63.582,
61.597,
59.607,
57.613,
55.615,
53.611,
51.601,
49.585,
47.562,
45.53,
43.489,
41.438,
39.375,
37.298,
35.206,
33.096,
30.964,
28.808,
26.623,
24.402,
22.14,
19.825,
17.447,
14.988,
12.426,
9.728,
6.847,
3.712,
0.21,
-3.849,
-8.808,
-15.344,
-24.948,
-41.183,
-69.939,
-63.31,
-37.201,
-22.776,
-13.989,
-7.857,
-3.122,
0.802,
4.216,
7.29,
10.127,
12.793,
15.33,
17.768,
20.13,
22.431,
24.681,
26.891,
29.067,
31.215,
33.338,
35.441,
37.527,
39.597,
41.653,
43.698,
45.733,
47.759,
49.777,
51.787,
53.791,
55.789,
57.783,
59.771,
61.756,
63.736,
65.714,
67.688,
69.659,
71.628,
73.594,
75.558,
77.519,
79.478,
81.433,
83.383,
85.323,
87.232,
88.933,
88.484,
86.663,
84.741,
82.798,
80.847,
78.893,
76.935,
74.975,
73.012,
71.048,
69.082,
67.113,
65.141,
63.167,
61.189,
59.208,
57.223,
55.234,
53.239,
51.239,
49.233,
47.22,
45.199,
43.169,
41.128,
39.077,
37.011,
34.931,
32.833,
30.714,
28.57,
26.398,
24.192,
21.944,
19.645,
17.283,
14.843,
12.302,
9.629,
6.781,
3.689,
0.252,
-3.701,
-8.457,
-14.538,
-22.893,
-34.807,
-47.529,
-44.679,
-31.153,
-20.361,
-12.792,
-7.167,
-2.684,
1.095,
4.417,
7.427,
10.216,
12.842,
15.347,
17.758,
20.094,
22.371,
24.599,
26.788,
28.944,
31.072,
33.176,
35.259,
37.325,
39.376,
41.413,
43.438,
45.453,
47.458,
49.454,
51.443,
53.424,
55.399,
57.368,
59.33,
61.287,
63.239,
65.184,
67.123,
69.056,
70.981,
72.897,
74.802,
76.691,
78.559,
80.393,
82.171,
83.845,
85.305,
86.29,
86.387,
85.539,
84.143,
82.499,
80.738,
78.915,
77.055,
75.173,
73.275,
71.365,
69.447,
67.522,
65.59,
63.652,
61.71,
59.762,
57.81,
55.852,
53.889,
51.92,
49.945,
47.963,
45.974,
43.976,
41.97,
39.953,
37.924,
35.882,
33.825,
31.75,
29.655,
27.536,
25.389,
23.208,
20.987,
18.718,
16.388,
13.983,
11.484,
8.864,
6.086,
3.097,
-0.174,
-3.829,
-7.99,
-12.758,
-17.979,
-22.617,
-24.344,
-21.855,
-16.975,
-11.831,
-7.208,
-3.175,
0.381,
3.578,
6.511,
9.245,
11.83,
14.3,
16.68,
18.988,
21.237,
23.44,
25.603,
27.732,
29.834,
31.913,
33.97,
36.01,
38.033,
40.043,
42.04,
44.027,
46.002,
47.968,
49.926,
51.875,
53.816,
55.749,
57.674,
59.59,
61.499,
63.398,
65.287,
67.164,
69.028,
70.874,
72.7,
74.497,
76.257,
77.962,
79.589,
81.094,
82.405,
83.406,
83.943,
83.892,
83.267,
82.205,
80.856,
79.329,
77.69,
75.978,
74.215,
72.417,
70.594,
68.75,
66.891,
65.019,
63.137,
61.245,
59.345,
57.438,
55.523,
53.602,
51.673,
49.738,
47.795,
45.844,
43.885,
41.917,
39.94,
37.951,
35.951,
33.937,
31.907,
29.86,
27.792,
25.701,
23.582,
21.431,
19.24,
17.002,
14.708,
12.344,
9.895,
7.341,
4.659,
1.823,
-1.189,
-4.372,
-7.643,
-10.744,
-13.124,
-14.054,
-13.156,
-10.802,
-7.721,
-4.465,
-1.294,
1.708,
4.537,
7.212,
9.758,
12.2,
14.556,
16.843,
19.073,
21.255,
23.398,
25.507,
27.588,
29.644,
31.68,
33.696,
35.697,
37.683,
39.656,
41.617,
43.567,
45.507,
47.438,
49.359,
51.271,
53.174,
55.068,
56.953,
58.828,
60.692,
62.544,
64.383,
66.206,
68.01,
69.791,
71.543,
73.258,
74.924,
76.523,
78.029,
79.404,
80.589,
81.507,
82.064,
82.182,
81.843,
81.1,
80.041,
78.757,
77.314,
75.761,
74.13,
72.442,
70.711,
68.948,
67.16,
65.352,
63.527,
61.688,
59.837,
57.975,
56.104,
54.223,
52.334,
50.437,
48.532,
46.619,
44.697,
42.766,
40.827,
38.877,
36.916,
34.943,
32.957,
30.956,
28.937,
26.9,
24.84,
22.755,
20.639,
18.489,
16.296,
14.055,
11.755,
9.387,
6.94,
4.405,
1.782,
-0.911,
-3.606,
-6.148,
-8.246,
-9.5,
-9.576,
-8.452,
-6.436,
-3.934,
-1.253,
1.439,
4.068,
6.609,
9.062,
11.434,
13.738,
15.981,
18.175,
20.326,
22.441,
24.525,
26.582,
28.617,
30.632,
32.629,
34.61,
36.578,
38.533,
40.476,
42.409,
44.332,
46.245,
48.149,
50.045,
51.931,
53.808,
55.676,
57.534,
59.38,
61.215,
63.036,
64.842,
66.628,
68.392,
70.127,
71.828,
73.482,
75.077,
76.59,
77.991,
79.238,
80.27,
81.015,
81.397,
81.369,
80.934,
80.145,
79.079,
77.809,
76.39,
74.865,
73.262,
71.601,
69.896,
68.157,
66.39,
64.602,
62.795,
60.973,
59.137,
57.29,
55.432,
53.564,
51.687,
49.801,
47.906,
46.002,
44.089,
42.167,
40.235,
38.292,
36.338,
34.371,
32.391,
30.395,
28.381,
26.348,
24.292,
22.209,
20.096,
17.947,
15.755,
13.514,
11.215,
8.849,
6.405,
3.879,
1.276,
-1.373,
-3.982,
-6.369,
-8.224,
-9.166,
-8.939,
-7.61,
-5.508,
-3.005,
-0.362,
2.279,
4.858,
7.355,
9.771,
12.114,
14.393,
16.616,
18.793,
20.931,
23.035,
25.11,
27.16,
29.189,
31.199,
33.193,
35.172,
37.138,
39.092,
41.035,
42.969,
44.893,
46.808,
48.714,
50.613,
52.502,
54.384,
56.256,
58.12,
59.972,
61.814,
63.642,
65.456,
67.251,
69.025,
70.771,
72.481,
74.147,
75.75,
77.27,
78.672,
79.908,
80.909,
81.593,
81.878,
81.724,
81.152,
80.236,
79.062,
77.702,
76.212,
74.629,
72.978,
71.276,
69.537,
67.767,
65.974,
64.161,
62.331,
60.488,
58.633,
56.766,
54.889,
53.003,
51.107,
49.202,
47.289,
45.366,
43.433,
41.491,
39.537,
37.572,
35.595,
33.602,
31.595,
29.569,
27.522,
25.452,
23.355,
21.226,
19.059,
16.847,
14.581,
12.25,
9.841,
7.336,
4.717,
1.967,
-0.924,
-3.931,
-6.952,
-9.723,
-11.755,
-12.463,
-11.583,
-9.431,
-6.601,
-3.559,
-0.551,
2.335,
5.079,
7.693,
10.195,
12.603,
14.934,
17.201,
19.415,
21.586,
23.72,
25.824,
27.901,
29.955,
31.99,
34.008,
36.01,
38,
39.978,
41.945,
43.903,
45.852,
47.792,
49.725,
51.65,
53.567,
55.478,
57.381,
59.276,
61.163,
63.04,
64.908,
66.763,
68.604,
70.427,
72.227,
73.998,
75.728,
77.403,
78.996,
80.468,
81.754,
82.753,
83.337,
83.394,
82.91,
81.984,
80.746,
79.303,
77.728,
76.064,
74.339,
72.571,
70.771,
68.946,
67.102,
65.243,
63.37,
61.485,
59.591,
57.687,
55.774,
53.853,
51.924,
49.986,
48.04,
46.085,
44.12,
42.145,
40.159,
38.16,
36.149,
34.121,
32.077,
30.013,
27.926,
25.812,
23.667,
21.485,
19.259,
16.978,
14.631,
12.202,
9.668,
7,
4.16,
1.093,
-2.268,
-5.999,
-10.144,
-14.567,
-18.596,
-20.737,
-19.703,
-16.151,
-11.729,
-7.423,
-3.52,
-0.015,
3.164,
6.092,
8.828,
11.417,
13.891,
16.276,
18.589,
20.844,
23.052,
25.22,
27.356,
29.465,
31.55,
33.616,
35.664,
37.697,
39.716,
41.725,
43.723,
45.711,
47.692,
49.665,
51.631,
53.59,
55.544,
57.492,
59.434,
61.37,
63.301,
65.226,
67.144,
69.054,
70.955,
72.845,
74.72,
76.576,
78.402,
80.183,
81.891,
83.468,
84.795,
85.637,
85.698,
84.951,
83.675,
82.122,
80.426,
78.65,
76.826,
74.971,
73.093,
71.2,
69.295,
67.379,
65.455,
63.524,
61.586,
59.641,
57.69,
55.732,
53.768,
51.797,
49.819,
47.832,
45.838,
43.833,
41.819,
39.793,
37.753,
35.699,
33.628,
31.538,
29.425,
27.285,
25.114,
22.906,
20.653,
18.345,
15.968,
13.505,
10.932,
8.214,
5.301,
2.118,
-1.451,
-5.593,
-10.619,
-17.036,
-25.491,
-35.424,
-40.029,
-33.104,
-23.199,
-15.241,
-9.193,
-4.401,
-0.408,
3.063,
6.18,
9.047,
11.733,
14.284,
16.731,
19.097,
21.398,
23.648,
25.854,
28.026,
30.168,
32.286,
34.382,
36.46,
38.523,
40.572,
42.609,
44.635,
46.653,
48.662,
50.664,
52.66,
54.65,
56.635,
58.615,
60.591,
62.563,
64.532,
66.497,
68.46,
70.419,
72.375,
74.328,
76.277,
78.222,
80.16,
82.088,
83.995,
85.857,
87.566,
88.47,
87.468,
85.741,
83.874,
81.963,
80.033,
78.093,
76.146,
74.193,
72.237,
70.277,
68.314,
66.347,
64.377,
62.403,
60.425,
58.443,
56.456,
54.464,
52.467,
50.463,
48.452,
46.433,
44.406,
42.369,
40.32,
38.259,
36.183,
34.09,
31.978,
29.843,
27.681,
25.488,
23.257,
20.979,
18.645,
16.241,
13.747,
11.137,
8.373,
5.401,
2.134,
-1.568,
-5.946,
-11.452,
-19.023,
-30.837,
-52.225,
-86.139,
-51.635,
-30.449,
-18.725,
-11.195,
-5.71,
-1.343,
2.352,
5.616,
8.587,
11.35,
13.96,
16.456,
18.862,
21.199,
23.479,
25.713,
27.91,
30.076,
32.215,
34.331,
36.429,
38.51,
40.576,
42.631,
44.674,
46.708,
48.733,
50.751,
52.762,
54.767,
56.767,
58.762,
60.753,
62.74,
64.723,
66.704,
68.681,
70.656,
72.628,
74.597,
76.564,
78.528,
80.488,
82.441,
84.384,
86.298,
88.1,
88.878,
87.421,
85.551,
83.622,
81.674,
79.717,
77.754,
75.788,
73.82,
71.848,
69.874,
67.897,
65.917,
63.934,
61.948,
59.958,
57.964,
55.965,
53.961,
51.952,
49.936,
47.914,
45.883,
43.844,
41.795,
39.734,
37.66,
35.571,
33.465,
31.339,
29.189,
27.012,
24.802,
22.552,
20.253,
17.895,
15.463,
12.935,
10.285,
7.47,
4.431,
1.074,
-2.75,
-7.295,
-13.017,
-20.743,
-31.742,
-44.997,
-46.255,
-33.341,
-21.837,
-13.759,
-7.833,
-3.166,
0.735,
4.142,
7.217,
10.057,
12.727,
15.269,
17.713,
20.08,
22.386,
24.642,
26.858,
29.04,
31.193,
33.322,
35.431,
37.522,
39.597,
41.659,
43.71,
45.749,
47.78,
49.802,
51.817,
53.825,
55.826,
57.822,
59.812,
61.797,
63.777,
65.751,
67.721,
69.684,
71.641,
73.589,
75.528,
77.452,
79.356,
81.226,
83.038,
84.731,
86.147,
86.881,
86.479,
85.22,
83.589,
81.805,
79.95,
78.055,
76.136,
74.202,
72.256,
70.302,
68.341,
66.374,
64.401,
62.424,
60.441,
58.453,
56.46,
54.461,
52.457,
50.446,
48.427,
46.401,
44.367,
42.322,
40.267,
38.199,
36.117,
34.019,
31.903,
29.764,
27.6,
25.406,
23.175,
20.901,
18.574,
16.18,
13.703,
11.119,
8.396,
5.487,
2.325,
-1.193,
-5.222,
-9.992,
-15.788,
-22.668,
-29.144,
-30.694,
-25.664,
-18.584,
-12.28,
-7.101,
-2.785,
0.931,
4.232,
7.24,
10.036,
12.675,
15.194,
17.621,
19.975,
22.27,
24.518,
26.726,
28.901,
31.049,
33.174,
35.278,
37.365,
39.437,
41.495,
43.542,
45.578,
47.605,
49.623,
51.633,
53.636,
55.632,
57.621,
59.604,
61.581,
63.551,
65.514,
67.47,
69.417,
71.353,
73.277,
75.183,
77.065,
78.913,
80.706,
82.406,
83.935,
85.131,
85.706,
85.42,
84.404,
82.966,
81.314,
79.549,
77.717,
75.846,
73.947,
72.029,
70.097,
68.154,
66.202,
64.242,
62.274,
60.301,
58.321,
56.334,
54.341,
52.342,
50.335,
48.321,
46.299,
44.268,
42.227,
40.175,
38.111,
36.032,
33.938,
31.824,
29.689,
27.529,
25.339,
23.114,
20.845,
18.524,
16.139,
13.673,
11.103,
8.4,
5.52,
2.403,
-1.042,
-4.939,
-9.453,
-14.721,
-20.51,
-25.262,
-25.897,
-21.852,
-16.092,
-10.648,
-5.959,
-1.929,
1.612,
4.799,
7.73,
10.471,
13.069,
15.558,
17.961,
20.296,
22.576,
24.811,
27.009,
29.176,
31.317,
33.435,
35.533,
37.616,
39.683,
41.738,
43.781,
45.814,
47.838,
49.853,
51.861,
53.862,
55.855,
57.843,
59.824,
61.798,
63.766,
65.726,
67.679,
69.623,
71.555,
73.474,
75.374,
77.249,
79.086,
80.862,
82.536,
84.022,
85.144,
85.615,
85.238,
84.174,
82.719,
81.061,
79.294,
77.462,
75.591,
73.693,
71.776,
69.845,
67.902,
65.95,
63.99,
62.022,
60.048,
58.068,
56.081,
54.087,
52.086,
50.079,
48.063,
46.039,
44.006,
41.963,
39.908,
37.84,
35.758,
33.659,
31.54,
29.399,
27.232,
25.034,
22.798,
20.517,
18.181,
15.776,
13.285,
10.683,
7.936,
4.996,
1.791,
-1.784,
-5.887,
-10.739,
-16.567,
-23.186,
-28.588,
-28.633,
-23.284,
-16.673,
-10.84,
-5.983,
-1.876,
1.703,
4.91,
7.853,
10.601,
13.204,
15.697,
18.103,
20.44,
22.722,
24.959,
27.158,
29.327,
31.469,
33.589,
35.689,
37.773,
39.843,
41.9,
43.945,
45.981,
48.008,
50.027,
52.038,
54.043,
56.042,
58.035,
60.022,
62.004,
63.98,
65.951,
67.916,
69.875,
71.826,
73.768,
75.697,
77.609,
79.497,
81.343,
83.116,
84.743,
86.04,
86.606,
86.107,
84.844,
83.232,
81.465,
79.622,
77.737,
75.826,
73.897,
71.956,
70.005,
68.047,
66.082,
64.11,
62.134,
60.151,
58.164,
56.17,
54.171,
52.165,
50.152,
48.132,
46.104,
44.067,
42.019,
39.96,
37.887,
35.8,
33.695,
31.571,
29.423,
27.248,
25.04,
22.793,
20.499,
18.146,
15.721,
13.203,
10.564,
7.767,
4.752,
1.433,
-2.33,
-6.77,
-12.289,
-19.574,
-29.511,
-40.706,
-42.246,
-31.785,
-21.338,
-13.618,
-7.83,
-3.225,
0.644,
4.034,
7.098,
9.931,
12.596,
15.134,
17.575,
19.941,
22.245,
24.5,
26.714,
28.895,
31.048,
33.177,
35.286,
37.377,
39.452,
41.515,
43.566,
45.607,
47.638,
49.662,
51.679,
53.689,
55.694,
57.693,
59.688,
61.678,
63.665,
65.647,
67.627,
69.603,
71.576,
73.546,
75.512,
77.473,
79.429,
81.377,
83.309,
85.21,
87.02,
88.395,
87.993,
86.362,
84.505,
82.589,
80.65,
78.7,
76.742,
74.779,
72.812,
70.842,
68.869,
66.892,
64.913,
62.929,
60.943,
58.952,
56.956,
54.956,
52.951,
50.939,
48.921,
46.895,
44.861,
42.818,
40.763,
38.696,
36.615,
34.518,
32.401,
30.263,
28.098,
25.903,
23.67,
21.392,
19.059,
16.657,
14.168,
11.566,
8.815,
5.861,
2.622,
-1.036,
-5.34,
-10.718,
-18.039,
-29.306,
-49.39,
-82.396,
-54.051,
-31.853,
-19.631,
-11.867,
-6.26,
-1.823,
1.917,
5.21,
8.2,
10.978,
13.598,
16.101,
18.513,
20.853,
23.136,
25.372,
27.57,
29.736,
31.875,
33.991,
36.087,
38.166,
40.231,
42.283,
44.323,
46.354,
48.376,
50.39,
52.398,
54.399,
56.394,
58.385,
60.371,
62.353,
64.331,
66.305,
68.277,
70.246,
72.212,
74.175,
76.135,
78.093,
80.046,
81.994,
83.933,
85.851,
87.696,
88.963,
87.875,
86.046,
84.133,
82.197,
80.251,
78.299,
76.344,
74.387,
72.426,
70.464,
68.499,
66.531,
64.56,
62.587,
60.61,
58.63,
56.645,
54.656,
52.662,
50.662,
48.655,
46.641,
44.619,
42.588,
40.547,
38.493,
36.426,
34.342,
32.24,
30.117,
27.968,
25.79,
23.575,
21.317,
19.005,
16.628,
14.167,
11.598,
8.889,
5.99,
2.829,
-0.709,
-4.812,
-9.803,
-16.252,
-25.117,
-37.054,
-46.04,
-39.221,
-27.027,
-17.673,
-10.911,
-5.734,
-1.516,
2.096,
5.306,
8.237,
10.969,
13.553,
16.025,
18.41,
20.725,
22.984,
25.198,
27.375,
29.52,
31.638,
33.734,
35.81,
37.869,
39.914,
41.945,
43.965,
45.975,
47.975,
49.967,
51.951,
53.928,
55.898,
57.863,
59.821,
61.773,
63.719,
65.659,
67.593,
69.519,
71.437,
73.344,
75.238,
77.113,
78.962,
80.77,
82.506,
84.111,
85.443,
86.204,
86.05,
85.067,
83.627,
81.972,
80.21,
78.39,
76.535,
74.657,
72.763,
70.857,
68.942,
67.02,
65.091,
63.156,
61.216,
59.27,
57.32,
55.364,
53.402,
51.435,
49.461,
47.481,
45.492,
43.496,
41.489,
39.473,
37.444,
35.402,
33.344,
31.268,
29.172,
27.05,
24.9,
22.716,
20.49,
18.213,
15.875,
13.459,
10.945,
8.306,
5.503,
2.483,
-0.827,
-4.524,
-8.716,
-13.443,
-18.392,
-22.287,
-22.983,
-19.976,
-15.206,
-10.36,
-6,
-2.16,
1.258,
4.358,
7.22,
9.902,
12.446,
14.885,
17.239,
19.526,
21.759,
23.946,
26.097,
28.216,
30.308,
32.378,
34.428,
36.46,
38.478,
40.481,
42.473,
44.453,
46.424,
48.385,
50.337,
52.281,
54.217,
56.145,
58.064,
59.975,
61.878,
63.77,
65.652,
67.522,
69.376,
71.212,
73.024,
74.806,
76.545,
78.224,
79.814,
81.266,
82.502,
83.399,
83.809,
83.638,
82.927,
81.817,
80.445,
78.908,
77.265,
75.552,
73.791,
71.996,
70.174,
68.334,
66.477,
64.608,
62.728,
60.839,
58.942,
57.036,
55.124,
53.204,
51.278,
49.344,
47.402,
45.453,
43.496,
41.529,
39.553,
37.565,
35.566,
33.552,
31.523,
29.476,
27.408,
25.316,
23.196,
21.042,
18.849,
16.608,
14.31,
11.941,
9.486,
6.926,
4.238,
1.399,
-1.606,
-4.757,
-7.943,
-10.863,
-12.939,
-13.508,
-12.343,
-9.894,
-6.841,
-3.659,
-0.568,
2.366,
5.139,
7.769,
10.281,
12.695,
15.028,
17.296,
19.51,
21.679,
23.811,
25.91,
27.982,
30.031,
32.06,
34.07,
36.065,
38.046,
40.014,
41.97,
43.916,
45.852,
47.778,
49.695,
51.603,
53.502,
55.391,
57.272,
59.142,
61.001,
62.848,
64.68,
66.496,
68.293,
70.065,
71.806,
73.507,
75.157,
76.734,
78.212,
79.549,
80.684,
81.536,
82.016,
82.054,
81.646,
80.851,
79.758,
78.452,
76.996,
75.436,
73.8,
72.109,
70.378,
68.615,
66.827,
65.019,
63.195,
61.356,
59.506,
57.645,
55.775,
53.895,
52.007,
50.11,
48.206,
46.293,
44.372,
42.442,
40.502,
38.552,
36.591,
34.618,
32.631,
30.63,
28.61,
26.572,
24.51,
22.423,
20.305,
18.151,
15.955,
13.708,
11.403,
9.029,
6.576,
4.037,
1.413,
-1.268,
-3.93,
-6.398,
-8.363,
-9.428,
-9.305,
-8.03,
-5.937,
-3.415,
-0.744,
1.926,
4.529,
7.047,
9.48,
11.835,
14.124,
16.356,
18.539,
20.682,
22.789,
24.867,
26.919,
28.949,
30.959,
32.952,
34.93,
36.895,
38.847,
40.788,
42.718,
44.639,
46.55,
48.452,
50.345,
52.229,
54.105,
55.97,
57.826,
59.67,
61.502,
63.321,
65.123,
66.905,
68.664,
70.394,
72.088,
73.733,
75.316,
76.813,
78.192,
79.408,
80.4,
81.092,
81.412,
81.318,
80.823,
79.987,
78.885,
77.589,
76.152,
74.613,
73.001,
71.332,
69.621,
67.878,
66.108,
64.316,
62.507,
60.683,
58.845,
56.996,
55.136,
53.267,
51.388,
49.5,
47.604,
45.698,
43.783,
41.859,
39.925,
37.98,
36.024,
34.054,
32.071,
30.072,
28.054,
26.017,
23.955,
21.867,
19.747,
17.59,
15.389,
13.137,
10.825,
8.443,
5.981,
3.435,
0.813,
-1.849,
-4.454,
-6.799,
-8.551,
-9.326,
-8.908,
-7.416,
-5.209,
-2.653,
0.01,
2.655,
5.229,
7.719,
10.128,
12.464,
14.737,
16.955,
19.128,
21.262,
23.363,
25.436,
27.484,
29.511,
31.52,
33.513,
35.491,
37.456,
39.41,
41.353,
43.286,
45.21,
47.126,
49.032,
50.931,
52.821,
54.703,
56.576,
58.44,
60.293,
62.135,
63.963,
65.777,
67.572,
69.345,
71.089,
72.798,
74.459,
76.057,
77.566,
78.952,
80.163,
81.126,
81.754,
81.97,
81.739,
81.097,
80.124,
78.905,
77.513,
75.998,
74.395,
72.729,
71.016,
69.266,
67.489,
65.688,
63.869,
62.034,
60.186,
58.326,
56.455,
54.574,
52.684,
50.784,
48.876,
46.958,
45.031,
43.095,
41.148,
39.19,
37.22,
35.237,
33.24,
31.226,
29.194,
27.14,
25.062,
22.955,
20.815,
18.636,
16.409,
14.125,
11.772,
9.335,
6.797,
4.137,
1.335,
-1.616,
-4.687,
-7.757,
-10.518,
-12.418,
-12.859,
-11.667,
-9.27,
-6.297,
-3.189,
-0.154,
2.737,
5.48,
8.089,
10.585,
12.988,
15.315,
17.579,
19.79,
21.959,
24.092,
26.194,
28.271,
30.325,
32.36,
34.378,
36.381,
38.372,
40.351,
42.319,
44.278,
46.228,
48.17,
50.104,
52.031,
53.95,
55.863,
57.768,
59.665,
61.554,
63.434,
65.304,
67.161,
69.004,
70.83,
72.632,
74.404,
76.135,
77.808,
79.395,
80.853,
82.111,
83.057,
83.554,
83.499,
82.903,
81.884,
80.579,
79.088,
77.478,
75.789,
74.045,
72.261,
70.448,
68.613,
66.76,
64.892,
63.012,
61.122,
59.221,
57.312,
55.394,
53.467,
51.533,
49.59,
47.639,
45.679,
43.709,
41.728,
39.737,
37.732,
35.714,
33.68,
31.628,
29.555,
27.458,
25.334,
23.177,
20.981,
18.737,
16.437,
14.065,
11.604,
9.031,
6.312,
3.403,
0.244,
-3.244,
-7.149,
-11.515,
-16.147,
-20.164,
-21.789,
-19.936,
-15.806,
-11.15,
-6.791,
-2.899,
0.578,
3.73,
6.634,
9.351,
11.924,
14.387,
16.763,
19.068,
21.318,
23.522,
25.687,
27.821,
29.928,
32.012,
34.077,
36.125,
38.158,
40.178,
42.187,
44.185,
46.175,
48.157,
50.131,
52.099,
54.06,
56.016,
57.965,
59.91,
61.849,
63.782,
65.709,
67.63,
69.544,
71.448,
73.342,
75.221,
77.08,
78.909,
80.692,
82.397,
83.958,
85.231,
85.937,
85.78,
84.838,
83.441,
81.818,
80.079,
78.274,
76.43,
74.559,
72.67,
70.767,
68.854,
66.931,
65.001,
63.064,
61.12,
59.171,
57.215,
55.252,
53.284,
51.308,
49.325,
47.334,
45.334,
43.325,
41.305,
39.273,
37.227,
35.166,
33.088,
30.989,
28.866,
26.716,
24.533,
22.31,
20.04,
17.711,
15.308,
12.813,
10.198,
7.424,
4.434,
1.143,
-2.587,
-6.981,
-12.421,
-19.549,
-29.133,
-39.731,
-41.397,
-31.616,
-21.422,
-13.761,
-7.983,
-3.38,
0.487,
3.871,
6.927,
9.751,
12.404,
14.93,
17.359,
19.71,
22,
24.24,
26.44,
28.606,
30.744,
32.857,
34.951,
37.027,
39.087,
41.135,
43.171,
45.197,
47.214,
49.223,
51.225,
53.221,
55.212,
57.197,
59.178,
61.155,
63.128,
65.098,
67.065,
69.029,
70.99,
72.949,
74.904,
76.857,
78.805,
80.747,
82.68,
84.595,
86.461,
88.131,
88.544,
87.099,
85.27,
83.366,
81.437,
79.496,
77.547,
75.594,
73.637,
71.677,
69.713,
67.746,
65.776,
63.803,
61.826,
59.845,
57.86,
55.87,
53.875,
51.875,
49.867,
47.853,
45.83,
43.799,
41.757,
39.703,
37.636,
35.554,
33.455,
31.335,
29.191,
27.019,
24.814,
22.568,
20.274,
17.918,
15.487,
12.959,
10.306,
7.483,
4.429,
1.044,
-2.837,
-7.504,
-13.52,
-22.091,
-36.123,
-62.405,
-76.201,
-43.549,
-26.125,
-16.064,
-9.318,
-4.249,
-0.126,
3.416,
6.578,
9.477,
12.188,
14.76,
17.226,
19.609,
21.927,
24.193,
26.415,
28.602,
30.76,
32.892,
35.003,
37.096,
39.173,
41.236,
43.287,
45.328,
47.359,
49.382,
51.399,
53.408,
55.412,
57.411,
59.405,
61.394,
63.38,
65.363,
67.342,
69.318,
71.292,
73.262,
75.23,
77.194,
79.155,
81.109,
83.054,
84.979,
86.848,
88.45,
88.381,
86.746,
84.871,
82.944,
80.999,
79.043,
77.082,
75.117,
73.148,
71.176,
69.202,
67.224,
65.244,
63.26,
61.272,
59.281,
57.285,
55.285,
53.279,
51.268,
49.25,
47.224,
45.191,
43.148,
41.095,
39.03,
36.951,
34.857,
32.744,
30.611,
28.452,
26.264,
24.042,
21.777,
19.46,
17.079,
14.619,
12.055,
9.356,
6.476,
3.347,
-0.138,
-4.155,
-9.003,
-15.214,
-23.707,
-35.384,
-45.769,
-40.716,
-28.224,
-18.391,
-11.337,
-5.988,
-1.66,
2.027,
5.293,
8.269,
11.039,
13.657,
16.159,
18.572,
20.915,
23.201,
25.441,
27.643,
29.814,
31.957,
34.079,
36.18,
38.265,
40.336,
42.393,
44.439,
46.475,
48.502,
50.522,
52.533,
54.538,
56.537,
58.531,
60.518,
62.501,
64.478,
66.449,
68.415,
70.374,
72.326,
74.269,
76.199,
78.113,
80,
81.844,
83.609,
85.207,
86.409,
86.742,
85.985,
84.576,
82.892,
81.088,
79.223,
77.324,
75.402,
73.467,
71.52,
69.565,
67.604,
65.636,
63.662,
61.684,
59.7,
57.711,
55.716,
53.716,
51.709,
49.696,
47.676,
45.647,
43.609,
41.561,
39.502,
37.429,
35.342,
33.238,
31.114,
28.967,
26.793,
24.587,
22.342,
20.05,
17.701,
15.28,
12.769,
10.141,
7.359,
4.372,
1.101,
-2.571,
-6.817,
-11.884,
-18.009,
-24.869,
-29.887,
-28.737,
-22.607,
-15.848,
-10.074,
-5.302,
-1.264,
2.262,
5.431,
8.345,
11.072,
13.658,
16.137,
18.533,
20.861,
23.136,
25.367,
27.561,
29.725,
31.863,
33.979,
36.076,
38.157,
40.223,
42.276,
44.318,
46.35,
48.373,
50.388,
52.395,
54.395,
56.388,
58.374,
60.355,
62.328,
64.295,
66.255,
68.207,
70.149,
72.08,
73.996,
75.892,
77.761,
79.588,
81.347,
82.988,
84.408,
85.397,
85.651,
85.056,
83.854,
82.324,
80.625,
78.834,
76.987,
75.106,
73.201,
71.278,
69.343,
67.397,
65.442,
63.48,
61.51,
59.535,
57.552,
55.564,
53.569,
51.567,
49.558,
47.541,
45.516,
43.481,
41.436,
39.38,
37.31,
35.225,
33.124,
31.003,
28.859,
26.688,
24.485,
22.244,
19.956,
17.612,
15.198,
12.695,
10.078,
7.313,
4.35,
1.119,
-2.483,
-6.597,
-11.391,
-16.927,
-22.605,
-26.112,
-24.721,
-19.647,
-13.89,
-8.738,
-4.327,
-0.506,
2.883,
5.96,
8.81,
11.491,
14.044,
16.497,
18.872,
21.184,
23.446,
25.665,
27.851,
30.007,
32.138,
34.248,
36.341,
38.417,
40.479,
42.529,
44.569,
46.598,
48.619,
50.631,
52.636,
54.634,
56.626,
58.611,
60.59,
62.562,
64.527,
66.486,
68.436,
70.376,
72.305,
74.218,
76.111,
77.975,
79.794,
81.541,
83.162,
84.542,
85.457,
85.609,
84.927,
83.676,
82.121,
80.41,
78.611,
76.761,
74.877,
72.969,
71.045,
69.108,
67.161,
65.205,
63.242,
61.271,
59.294,
57.311,
55.321,
53.324,
51.321,
49.31,
47.291,
45.263,
43.226,
41.178,
39.118,
37.045,
34.956,
32.849,
30.722,
28.571,
26.392,
24.179,
21.926,
19.624,
17.262,
14.825,
12.292,
9.636,
6.818,
3.78,
0.438,
-3.333,
-7.722,
-12.982,
-19.301,
-26.051,
-30.031,
-27.536,
-21.068,
-14.524,
-9.008,
-4.428,
-0.523,
2.912,
6.016,
8.884,
11.576,
14.137,
16.596,
18.976,
21.293,
23.558,
25.781,
27.969,
30.127,
32.261,
34.374,
36.468,
38.547,
40.612,
42.665,
44.707,
46.74,
48.764,
50.781,
52.79,
54.793,
56.79,
58.781,
60.767,
62.748,
64.724,
66.694,
68.658,
70.616,
72.565,
74.506,
76.433,
78.342,
80.223,
82.057,
83.802,
85.36,
86.473,
86.662,
85.801,
84.35,
82.651,
80.84,
78.972,
77.071,
75.148,
73.212,
71.265,
69.309,
67.347,
65.378,
63.404,
61.424,
59.439,
57.449,
55.453,
53.45,
51.442,
49.426,
47.403,
45.371,
43.33,
41.278,
39.214,
37.136,
35.042,
32.93,
30.798,
28.64,
26.453,
24.232,
21.968,
19.653,
17.274,
14.816,
12.256,
9.562,
6.69,
3.571,
0.1,
-3.893,
-8.7,
-14.839,
-23.192,
-34.626,
-44.996,
-40.621,
-28.428,
-18.63,
-11.564,
-6.201,
-1.863,
1.832,
5.103,
8.083,
10.856,
13.476,
15.979,
18.394,
20.737,
23.024,
25.265,
27.467,
29.638,
31.783,
33.904,
36.007,
38.092,
40.163,
42.222,
44.269,
46.306,
48.335,
50.356,
52.371,
54.379,
56.382,
58.379,
60.373,
62.362,
64.347,
66.329,
68.308,
70.284,
72.257,
74.226,
76.193,
78.155,
80.112,
82.062,
83.996,
85.896,
87.678,
88.7,
87.604,
85.812,
83.909,
81.974,
80.025,
78.068,
76.106,
74.141,
72.172,
70.2,
68.225,
66.247,
64.266,
62.281,
60.293,
58.301,
56.305,
54.303,
52.296,
50.283,
48.263,
46.235,
44.198,
42.152,
40.094,
38.023,
35.938,
33.835,
31.712,
29.566,
27.393,
25.187,
22.941,
20.647,
18.295,
15.868,
13.346,
10.702,
7.893,
4.859,
1.504,
-2.328,
-6.917,
-12.79,
-21.075,
-34.466,
-59.366,
-79.577,
-45.663,
-27.338,
-16.883,
-9.949,
-4.779,
-0.597,
2.982,
6.168,
9.083,
11.806,
14.385,
16.856,
19.243,
21.563,
23.83,
26.052,
28.239,
30.395,
32.525,
34.633,
36.723,
38.797,
40.856,
42.903,
44.94,
46.967,
48.985,
50.996,
53,
54.998,
56.99,
58.978,
60.961,
62.94,
64.916,
66.887,
68.856,
70.822,
72.784,
74.744,
76.7,
78.652,
80.599,
82.537,
84.459,
86.341,
88.063,
88.667,
87.267,
85.436,
83.531,
81.601,
79.659,
77.712,
75.76,
73.804,
71.846,
69.885,
67.922,
65.955,
63.986,
62.014,
60.038,
58.058,
56.074,
54.085,
52.091,
50.091,
48.084,
46.07,
44.048,
42.016,
39.973,
37.917,
35.847,
33.761,
31.656,
29.529,
27.375,
25.189,
22.966,
20.698,
18.373,
15.979,
13.496,
10.899,
8.152,
5.202,
1.968,
-1.676,
-5.937,
-11.169,
-17.978,
-27.223,
-38.46,
-43.103,
-34.347,
-23.537,
-15.324,
-9.212,
-4.408,
-0.416,
3.049,
6.16,
9.021,
11.702,
14.246,
16.687,
19.047,
21.343,
23.586,
25.786,
27.951,
30.085,
32.195,
34.282,
36.351,
38.404,
40.442,
42.468,
44.483,
46.487,
48.483,
50.47,
52.449,
54.422,
56.388,
58.348,
60.301,
62.248,
64.189,
66.124,
68.051,
69.97,
71.88,
73.777,
75.659,
77.519,
79.347,
81.123,
82.812,
84.334,
85.518,
86.049,
85.679,
84.59,
83.116,
81.452,
79.691,
77.874,
76.023,
74.149,
72.259,
70.356,
68.445,
66.525,
64.599,
62.667,
60.729,
58.786,
56.837,
54.883,
52.924,
50.958,
48.985,
47.006,
45.019,
43.023,
41.017,
39.001,
36.973,
34.93,
32.872,
30.795,
28.697,
26.573,
24.42,
22.232,
20.001,
17.717,
15.37,
12.943,
10.415,
7.758,
4.931,
1.881,
-1.464,
-5.195,
-9.396,
-14.036,
-18.631,
-21.739,
-21.55,
-18.208,
-13.586,
-9.006,
-4.876,
-1.205,
2.093,
5.106,
7.903,
10.537,
13.044,
15.453,
17.784,
20.052,
22.268,
24.442,
26.581,
28.689,
30.773,
32.834,
34.876,
36.902,
38.913,
40.911,
42.897,
44.872,
46.837,
48.793,
50.74,
52.679,
54.61,
56.532,
58.446,
60.352,
62.248,
64.134,
66.009,
67.87,
69.715,
71.539,
73.338,
75.103,
76.821,
78.471,
80.021,
81.418,
82.575,
83.366,
83.653,
83.372,
82.586,
81.433,
80.041,
78.494,
76.848,
75.135,
73.375,
71.582,
69.763,
67.925,
66.071,
64.204,
62.327,
60.44,
58.545,
56.642,
54.731,
52.814,
50.889,
48.957,
47.017,
45.069,
43.113,
41.148,
39.172,
37.186,
35.187,
33.174,
31.145,
29.098,
27.029,
24.937,
22.815,
20.66,
18.465,
16.221,
13.918,
11.545,
9.084,
6.518,
3.825,
0.985,
-2.008,
-5.119,
-8.209,
-10.933,
-12.705,
-12.94,
-11.548,
-9.029,
-6.008,
-2.895,
0.125,
2.996,
5.718,
8.308,
10.788,
13.175,
15.488,
17.738,
19.938,
22.094,
24.215,
26.305,
28.369,
30.411,
32.433,
34.438,
36.427,
38.403,
40.366,
42.318,
44.259,
46.19,
48.112,
50.025,
51.929,
53.824,
55.71,
57.585,
59.451,
61.305,
63.146,
64.973,
66.782,
68.571,
70.334,
72.064,
73.752,
75.384,
76.94,
78.388,
79.686,
80.77,
81.557,
81.959,
81.921,
81.447,
80.604,
79.479,
78.153,
76.685,
75.116,
73.476,
71.783,
70.051,
68.287,
66.499,
64.691,
62.868,
61.03,
59.18,
57.32,
55.45,
53.571,
51.683,
49.788,
47.883,
45.971,
44.05,
42.12,
40.18,
38.23,
36.269,
34.296,
32.309,
30.306,
28.286,
26.245,
24.182,
22.092,
19.971,
17.814,
15.613,
13.362,
11.051,
8.67,
6.211,
3.667,
1.043,
-1.627,
-4.253,
-6.641,
-8.469,
-9.346,
-9.031,
-7.617,
-5.454,
-2.914,
-0.253,
2.396,
4.977,
7.473,
9.887,
12.227,
14.503,
16.724,
18.898,
21.032,
23.133,
25.205,
27.252,
29.277,
31.283,
33.273,
35.248,
37.21,
39.159,
41.098,
43.026,
44.944,
46.854,
48.754,
50.645,
52.528,
54.401,
56.265,
58.118,
59.96,
61.79,
63.606,
65.404,
67.183,
68.938,
70.663,
72.349,
73.986,
75.556,
77.037,
78.394,
79.58,
80.529,
81.167,
81.423,
81.264,
80.711,
79.828,
78.692,
77.371,
75.916,
74.364,
72.741,
71.065,
69.349,
67.6,
65.826,
64.032,
62.22,
60.393,
58.553,
56.702,
54.841,
52.969,
51.089,
49.199,
47.301,
45.393,
43.477,
41.551,
39.614,
37.667,
35.708,
33.735,
31.749,
29.746,
27.724,
25.682,
23.615,
21.52,
19.393,
17.227,
15.017,
12.753,
10.426,
8.027,
5.545,
2.978,
0.334,
-2.343,
-4.943,
-7.24,
-8.88,
-9.479,
-8.866,
-7.215,
-4.909,
-2.303,
0.379,
3.027,
5.597,
8.081,
10.483,
12.813,
15.08,
17.294,
19.463,
21.593,
23.692,
25.762,
27.809,
29.835,
31.842,
33.834,
35.812,
37.777,
39.731,
41.674,
43.607,
45.531,
47.447,
49.354,
51.253,
53.144,
55.026,
56.9,
58.764,
60.618,
62.46,
64.289,
66.103,
67.898,
69.671,
71.414,
73.121,
74.778,
76.369,
77.869,
79.238,
80.421,
81.343,
81.913,
82.055,
81.747,
81.035,
80.005,
78.743,
77.318,
75.778,
74.157,
72.477,
70.752,
68.992,
67.207,
65.399,
63.574,
61.733,
59.88,
58.015,
56.14,
54.254,
52.36,
50.456,
48.544,
46.622,
44.691,
42.75,
40.799,
38.837,
36.862,
34.874,
32.871,
30.851,
28.812,
26.75,
24.664,
22.547,
20.395,
18.202,
15.959,
13.656,
11.28,
8.814,
6.239,
3.533,
0.675,
-2.343,
-5.485,
-8.605,
-11.343,
-13.083,
-13.224,
-11.706,
-9.072,
-5.968,
-2.802,
0.253,
3.148,
5.887,
8.491,
10.981,
13.379,
15.702,
17.962,
20.171,
22.338,
24.47,
26.571,
28.647,
30.701,
32.736,
34.755,
36.759,
38.75,
40.73,
42.699,
44.659,
46.611,
48.554,
50.49,
52.419,
54.34,
56.254,
58.161,
60.061,
61.952,
63.835,
65.707,
67.567,
69.413,
71.24,
73.045,
74.819,
76.55,
78.221,
79.802,
81.244,
82.469,
83.356,
83.757,
83.581,
82.871,
81.763,
80.394,
78.858,
77.216,
75.502,
73.74,
71.941,
70.116,
68.271,
66.409,
64.534,
62.647,
60.75,
58.843,
56.928,
55.005,
53.074,
51.134,
49.187,
47.23,
45.265,
43.289,
41.303,
39.306,
37.295,
35.27,
33.229,
31.169,
29.088,
26.982,
24.846,
22.676,
20.465,
18.204,
15.881,
13.483,
10.989,
8.373,
5.597,
2.613,
-0.65,
-4.283,
-8.387,
-13.004,
-17.855,
-21.78,
-22.719,
-19.982,
-15.333,
-10.502,
-6.123,
-2.257,
1.187,
4.307,
7.186,
9.883,
12.441,
14.892,
17.258,
19.557,
21.801,
24,
26.163,
28.294,
30.399,
32.482,
34.546,
36.594,
38.627,
40.647,
42.657,
44.656,
46.647,
48.63,
50.606,
52.575,
54.538,
56.495,
58.447,
60.393,
62.334,
64.27,
66.2,
68.124,
70.041,
71.949,
73.846,
75.729,
77.592,
79.425,
81.21,
82.911,
84.451,
85.656,
86.193,
85.798,
84.674,
83.171,
81.487,
79.71,
77.881,
76.018,
74.134,
72.234,
70.323,
68.401,
66.472,
64.536,
62.594,
60.645,
58.69,
56.73,
54.763,
52.79,
50.809,
48.822,
46.826,
44.821,
42.807,
40.781,
38.743,
36.691,
34.624,
32.537,
30.43,
28.298,
26.136,
23.94,
21.702,
19.413,
17.062,
14.632,
12.102,
9.441,
6.605,
3.531,
0.117,
-3.798,
-8.487,
-14.429,
-22.441,
-33.393,
-44.12,
-41.504,
-29.619,
-19.563,
-12.281,
-6.783,
-2.363,
1.38,
4.681,
7.678,
10.459,
13.082,
15.584,
17.994,
20.331,
22.61,
24.841,
27.034,
29.194,
31.327,
33.437,
35.527,
37.601,
39.659,
41.706,
43.741,
45.766,
47.782,
49.791,
51.793,
53.79,
55.78,
57.766,
59.748,
61.726,
63.7,
65.671,
67.639,
69.605,
71.568,
73.528,
75.486,
77.441,
79.393,
81.34,
83.279,
85.2,
87.072,
88.666,
88.37,
86.653,
84.762,
82.835,
80.892,
78.943,
76.988,
75.03,
73.069,
71.105,
69.138,
67.168,
65.196,
63.22,
61.24,
59.256,
57.268,
55.275,
53.277,
51.273,
49.263,
47.245,
45.218,
43.182,
41.136,
39.077,
37.005,
34.917,
32.81,
30.682,
28.529,
26.347,
24.129,
21.868,
19.555,
17.177,
14.717,
12.153,
9.451,
6.564,
3.419,
-0.1,
-4.187,
-9.196,
-15.829,
-25.653,
-42.498,
-73.653,
-63.477,
-36.738,
-22.384,
-13.662,
-7.567,
-2.855,
1.054,
4.459,
7.527,
10.361,
13.024,
15.559,
17.997,
20.359,
22.66,
24.911,
27.122,
29.3,
31.45,
33.575,
35.681,
37.768,
39.841,
41.901,
43.949,
45.987,
48.016,
50.038,
52.052,
54.06,
56.062,
58.06,
60.053,
62.041,
64.026,
66.007,
67.985,
69.96,
71.932,
73.901,
75.866,
77.827,
79.782,
81.729,
83.66,
85.557,
87.346,
88.55,
87.783,
86.065,
84.186,
82.261,
80.317,
78.363,
76.403,
74.438,
72.47,
70.498,
68.523,
66.545,
64.563,
62.578,
60.59,
58.597,
56.6,
54.598,
52.59,
50.576,
48.556,
46.528,
44.491,
42.445,
40.388,
38.318,
36.234,
34.134,
32.015,
29.873,
27.706,
25.507,
23.271,
20.99,
18.654,
16.249,
13.757,
11.153,
8.402,
5.45,
2.221,
-1.411,
-5.649,
-10.844,
-17.607,
-26.866,
-38.501,
-44.055,
-35.171,
-23.89,
-15.412,
-9.163,
-4.28,
-0.236,
3.268,
6.411,
9.301,
12.007,
14.577,
17.043,
19.428,
21.747,
24.015,
26.24,
28.43,
30.59,
32.724,
34.838,
36.933,
39.012,
41.077,
43.13,
45.172,
47.205,
49.228,
51.245,
53.253,
55.256,
57.252,
59.243,
61.228,
63.207,
65.181,
67.15,
69.112,
71.067,
73.014,
74.949,
76.871,
78.771,
80.638,
82.449,
84.151,
85.619,
86.54,
86.458,
85.427,
83.911,
82.187,
80.366,
78.493,
76.589,
74.666,
72.729,
70.781,
68.825,
66.863,
64.894,
62.92,
60.94,
58.955,
56.964,
54.968,
52.966,
50.958,
48.942,
46.919,
44.887,
42.846,
40.795,
38.731,
36.654,
34.561,
32.45,
30.319,
28.163,
25.978,
23.759,
21.499,
19.188,
16.816,
14.365,
11.816,
9.139,
6.292,
3.216,
-0.178,
-4.023,
-8.512,
-13.893,
-20.276,
-26.72,
-29.65,
-26.231,
-19.681,
-13.363,
-8.06,
-3.631,
0.172,
3.536,
6.591,
9.422,
12.087,
14.627,
17.07,
19.436,
21.742,
23.998,
26.213,
28.395,
30.547,
32.676,
34.784,
36.874,
38.948,
41.009,
43.058,
45.095,
47.124,
49.143,
51.154,
53.158,
55.155,
57.145,
59.129,
61.106,
63.077,
65.041,
66.997,
68.945,
70.882,
72.806,
74.714,
76.6,
78.452,
80.254,
81.972,
83.539,
84.819,
85.555,
85.475,
84.614,
83.266,
81.664,
79.927,
78.114,
76.255,
74.365,
72.453,
70.526,
68.587,
66.639,
64.681,
62.717,
60.745,
58.767,
56.783,
54.792,
52.795,
50.79,
48.778,
46.759,
44.73,
42.691,
40.642,
38.581,
36.506,
34.415,
32.306,
30.177,
28.023,
25.84,
23.623,
21.365,
19.057,
16.688,
14.242,
11.698,
9.028,
6.193,
3.136,
-0.225,
-4.007,
-8.366,
-13.46,
-19.197,
-24.424,
-26.212,
-23.018,
-17.396,
-11.809,
-6.953,
-2.791,
0.846,
4.103,
7.084,
9.863,
12.49,
15.002,
17.422,
19.771,
22.063,
24.307,
26.513,
28.686,
30.833,
32.956,
35.059,
37.144,
39.215,
41.273,
43.319,
45.354,
47.38,
49.398,
51.408,
53.41,
55.406,
57.395,
59.378,
61.355,
63.325,
65.288,
67.244,
69.192,
71.129,
73.053,
74.961,
76.846,
78.697,
80.496,
82.208,
83.761,
85.005,
85.665,
85.48,
84.534,
83.135,
81.503,
79.748,
77.924,
76.056,
74.161,
72.245,
70.315,
68.373,
66.421,
64.462,
62.495,
60.521,
58.541,
56.555,
54.562,
52.563,
50.556,
48.542,
46.519,
44.488,
42.446,
40.394,
38.329,
36.249,
34.153,
32.039,
29.902,
27.74,
25.548,
23.32,
21.049,
18.724,
16.334,
13.861,
11.282,
8.566,
5.666,
2.516,
-0.984,
-4.986,
-9.715,
-15.451,
-22.261,
-28.752,
-30.543,
-25.768,
-18.774,
-12.478,
-7.287,
-2.959,
0.766,
4.074,
7.088,
9.888,
12.53,
15.053,
17.482,
19.838,
22.135,
24.384,
26.594,
28.771,
30.921,
33.047,
35.153,
37.242,
39.316,
41.376,
43.426,
45.464,
47.494,
49.516,
51.53,
53.537,
55.539,
57.534,
59.524,
61.509,
63.489,
65.463,
67.433,
69.396,
71.353,
73.302,
75.241,
77.166,
79.071,
80.946,
82.765,
84.476,
85.94,
86.8,
86.566,
85.404,
83.815,
82.051,
80.206,
78.317,
76.403,
74.471,
72.528,
70.575,
68.615,
66.649,
64.677,
62.7,
60.718,
58.73,
56.737,
54.739,
52.734,
50.722,
48.704,
46.677,
44.642,
42.597,
40.54,
38.471,
36.387,
34.287,
32.168,
30.026,
27.858,
25.659,
23.423,
21.141,
18.804,
16.398,
13.904,
11.298,
8.543,
5.586,
2.348,
-1.298,
-5.564,
-10.819,
-17.736,
-27.443,
-40.407,
-47.565,
-37.523,
-25.105,
-16.134,
-9.667,
-4.676,
-0.572,
2.969,
6.135,
9.041,
11.759,
14.337,
16.809,
19.198,
21.522,
23.792,
26.02,
28.211,
30.373,
32.509,
34.623,
36.72,
38.8,
40.867,
42.921,
44.965,
46.999,
49.025,
51.044,
53.056,
55.062,
57.063,
59.059,
61.051,
63.039,
65.023,
67.005,
68.983,
70.958,
72.931,
74.9,
76.867,
78.83,
80.789,
82.74,
84.677,
86.577,
88.312,
88.686,
87.11,
85.233,
83.304,
81.356,
79.4,
77.438,
75.473,
73.505,
71.535,
69.561,
67.585,
65.606,
63.624,
61.639,
59.649,
57.656,
55.658,
53.655,
51.647,
49.632,
47.61,
45.58,
43.541,
41.492,
39.43,
37.356,
35.266,
33.158,
31.029,
28.875,
26.693,
24.476,
22.217,
19.906,
17.533,
15.079,
12.523,
9.833,
6.962,
3.841,
0.357,
-3.674,
-8.589,
-15.052,
-24.524,
-40.594,
-70.814,
-67.088,
-38.643,
-23.517,
-14.459,
-8.201,
-3.398,
0.564,
4.002,
7.093,
9.94,
12.613,
15.155,
17.596,
19.96,
22.261,
24.512,
26.722,
28.897,
31.044,
33.166,
35.267,
37.35,
39.418,
41.473,
43.515,
45.547,
47.57,
49.585,
51.592,
53.593,
55.588,
57.577,
59.562,
61.542,
63.518,
65.491,
67.459,
69.425,
71.387,
73.346,
75.301,
77.252,
79.198,
81.135,
83.06,
84.957,
86.78,
88.277,
88.205,
86.663,
84.833,
82.934,
81.01,
79.073,
77.129,
75.181,
73.228,
71.272,
69.313,
67.351,
65.387,
63.419,
61.447,
59.472,
57.493,
55.51,
53.521,
51.528,
49.528,
47.521,
45.506,
43.483,
41.45,
39.406,
37.349,
35.277,
33.188,
31.08,
28.948,
26.788,
24.597,
22.365,
20.086,
17.748,
15.337,
12.832,
10.206,
7.42,
4.416,
1.106,
-2.647,
-7.071,
-12.546,
-19.681,
-29.085,
-38.8,
-39.427,
-30.105,
-20.546,
-13.246,
-7.663,
-3.172,
0.624,
3.961,
6.983,
9.781,
12.414,
14.922,
17.335,
19.672,
21.948,
24.176,
26.363,
28.516,
30.641,
32.741,
34.821,
36.883,
38.929,
40.961,
42.982,
44.991,
46.99,
48.981,
50.964,
52.939,
54.907,
56.868,
58.823,
60.771,
62.713,
64.649,
66.577,
68.498,
70.41,
72.31,
74.197,
76.066,
77.908,
79.711,
81.452,
83.084,
84.51,
85.53,
85.835,
85.283,
84.113,
82.611,
80.941,
79.18,
77.366,
75.519,
73.648,
71.762,
69.863,
67.955,
66.038,
64.115,
62.186,
60.25,
58.309,
56.363,
54.411,
52.453,
50.488,
48.517,
46.539,
44.553,
42.558,
40.553,
38.537,
36.509,
34.466,
32.408,
30.33,
28.23,
26.105,
23.949,
21.756,
19.52,
17.231,
14.875,
12.437,
9.895,
7.22,
4.371,
1.293,
-2.082,
-5.837,
-10.024,
-14.527,
-18.695,
-21.012,
-20.094,
-16.555,
-12.097,
-7.755,
-3.824,
-0.301,
2.89,
5.824,
8.563,
11.153,
13.626,
16.007,
18.316,
20.565,
22.766,
24.927,
27.054,
29.153,
31.228,
33.281,
35.316,
37.335,
39.34,
41.332,
43.312,
45.282,
47.242,
49.193,
51.135,
53.069,
54.995,
56.912,
58.82,
60.72,
62.61,
64.489,
66.356,
68.209,
70.044,
71.857,
73.642,
75.389,
77.084,
78.703,
80.212,
81.549,
82.624,
83.308,
83.478,
83.096,
82.244,
81.054,
79.643,
78.088,
76.439,
74.726,
72.967,
71.175,
69.359,
67.523,
65.672,
63.808,
61.933,
60.048,
58.155,
56.254,
54.346,
52.43,
50.507,
48.576,
46.638,
44.692,
42.737,
40.773,
38.798,
36.813,
34.814,
32.802,
30.773,
28.726,
26.657,
24.564,
22.441,
20.284,
18.086,
15.839,
13.533,
11.155,
8.689,
6.117,
3.421,
0.583,
-2.395,
-5.459,
-8.44,
-10.958,
-12.429,
-12.358,
-10.776,
-8.205,
-5.218,
-2.169,
0.786,
3.601,
6.277,
8.83,
11.279,
13.643,
15.935,
18.17,
20.355,
22.5,
24.611,
26.693,
28.749,
30.784,
32.799,
34.798,
36.783,
38.753,
40.712,
42.66,
44.597,
46.524,
48.442,
50.351,
52.251,
54.142,
56.023,
57.895,
59.756,
61.605,
63.441,
65.262,
67.064,
68.845,
70.599,
72.318,
73.993,
75.607,
77.14,
78.559,
79.817,
80.848,
81.569,
81.896,
81.784,
81.248,
80.359,
79.204,
77.859,
76.379,
74.804,
73.159,
71.463,
69.729,
67.965,
66.176,
64.369,
62.545,
60.708,
58.859,
56.999,
55.129,
53.251,
51.364,
49.468,
47.564,
45.652,
43.731,
41.801,
39.862,
37.911,
35.95,
33.976,
31.988,
29.984,
27.962,
25.92,
23.855,
21.762,
19.638,
17.476,
15.271,
13.014,
10.697,
8.309,
5.843,
3.293,
0.67,
-1.988,
-4.575,
-6.88,
-8.565,
-9.255,
-8.756,
-7.212,
-4.986,
-2.431,
0.221,
2.851,
5.411,
7.888,
10.286,
12.611,
14.875,
17.085,
19.251,
21.378,
23.472,
25.539,
27.581,
29.602,
31.605,
33.592,
35.564,
37.523,
39.47,
41.406,
43.332,
45.249,
47.156,
49.055,
50.945,
52.825,
54.697,
56.559,
58.411,
60.251,
62.079,
63.892,
65.688,
67.463,
69.214,
70.933,
72.613,
74.241,
75.799,
77.263,
78.598,
79.752,
80.658,
81.24,
81.433,
81.209,
80.599,
79.67,
78.5,
77.154,
75.681,
74.116,
72.484,
70.8,
69.078,
67.324,
65.546,
63.748,
61.934,
60.104,
58.262,
56.409,
54.545,
52.672,
50.789,
48.898,
46.997,
45.088,
43.169,
41.24,
39.301,
37.351,
35.389,
33.414,
31.424,
29.417,
27.391,
25.343,
23.271,
21.169,
19.034,
16.859,
14.637,
12.36,
10.017,
7.599,
5.096,
2.505,
-0.162,
-2.856,
-5.449,
-7.693,
-9.21,
-9.624,
-8.813,
-7.006,
-4.605,
-1.953,
0.746,
3.396,
5.963,
8.441,
10.837,
13.161,
15.423,
17.632,
19.798,
21.926,
24.022,
26.09,
28.135,
30.16,
32.167,
34.158,
36.136,
38.101,
40.054,
41.997,
43.931,
45.856,
47.772,
49.679,
51.579,
53.471,
55.354,
57.228,
59.093,
60.948,
62.791,
64.62,
66.435,
68.23,
70.002,
71.745,
73.449,
75.103,
76.688,
78.177,
79.528,
80.683,
81.56,
82.068,
82.133,
81.746,
80.964,
79.878,
78.574,
77.118,
75.554,
73.915,
72.22,
70.483,
68.714,
66.92,
65.106,
63.274,
61.428,
59.569,
57.7,
55.82,
53.93,
52.031,
50.124,
48.207,
46.281,
44.346,
42.401,
40.445,
38.478,
36.498,
34.504,
32.495,
30.469,
28.422,
26.353,
24.257,
22.13,
19.966,
17.758,
15.498,
13.174,
10.772,
8.275,
5.66,
2.904,
-0.016,
-3.108,
-6.327,
-9.498,
-12.198,
-13.742,
-13.548,
-11.695,
-8.833,
-5.612,
-2.397,
0.672,
3.568,
6.302,
8.899,
11.384,
13.776,
16.095,
18.352,
20.558,
22.723,
24.853,
26.954,
29.029,
31.083,
33.118,
35.137,
37.142,
39.134,
41.115,
43.086,
45.047,
47,
48.945,
50.883,
52.813,
54.737,
56.653,
58.562,
60.464,
62.358,
64.243,
66.117,
67.98,
69.829,
71.659,
73.466,
75.241,
76.973,
78.641,
80.215,
81.641,
82.829,
83.646,
83.941,
83.638,
82.814,
81.621,
80.191,
78.613,
76.94,
75.204,
73.424,
71.611,
69.775,
67.92,
66.049,
64.167,
62.273,
60.37,
58.457,
56.537,
54.608,
52.672,
50.727,
48.774,
46.813,
44.842,
42.862,
40.87,
38.867,
36.85,
34.818,
32.769,
30.701,
28.611,
26.494,
24.347,
22.164,
19.937,
17.657,
15.311,
12.884,
10.354,
7.691,
4.854,
1.785,
-1.595,
-5.392,
-9.725,
-14.628,
-19.699,
-23.411,
-23.475,
-19.827,
-14.739,
-9.795,
-5.423,
-1.595,
1.809,
4.896,
7.749,
10.425,
12.968,
15.406,
17.763,
20.054,
22.292,
24.487,
26.646,
28.775,
30.879,
32.961,
35.024,
37.071,
39.104,
41.125,
43.135,
45.135,
47.127,
49.111,
51.088,
53.058,
55.023,
56.982,
58.935,
60.884,
62.828,
64.766,
66.699,
68.626,
70.546,
72.457,
74.358,
76.245,
78.112,
79.949,
81.735,
83.431,
84.945,
86.062,
86.392,
85.748,
84.459,
82.865,
81.13,
79.321,
77.47,
75.592,
73.695,
71.786,
69.866,
67.938,
66.002,
64.061,
62.113,
60.159,
58.2,
56.235,
54.264,
52.286,
50.301,
48.309,
46.309,
44.299,
42.279,
40.248,
38.204,
36.146,
34.071,
31.977,
29.861,
27.718,
25.545,
23.336,
21.082,
18.774,
16.398,
13.939,
11.37,
8.659,
5.757,
2.587,
-0.965,
-5.094,
-10.135,
-16.69,
-25.812,
-38.385,
-48.037,
-40.271,
-27.308,
-17.682,
-10.818,
-5.597,
-1.355,
2.272,
5.493,
8.433,
11.173,
13.765,
16.244,
18.636,
20.959,
23.227,
25.45,
27.635,
29.79,
31.918,
34.024,
36.112,
38.183,
40.239,
42.284,
44.318,
46.342,
48.358,
50.367,
52.369,
54.365,
56.356,
58.343,
60.325,
62.303,
64.278,
66.251,
68.22,
70.187,
72.152,
74.114,
76.074,
78.032,
79.987,
81.938,
83.882,
85.812,
87.689,
89.097,
88.007,
86.152,
84.226,
82.283,
80.331,
78.375,
76.416,
74.454,
72.49,
70.523,
68.553,
66.581,
64.605,
62.627,
60.644,
58.658,
56.667,
54.672,
52.67,
50.663,
48.649,
46.628,
44.597,
42.557,
40.506,
38.443,
36.365,
34.27,
32.156,
30.02,
27.857,
25.664,
23.432,
21.155,
18.823,
16.42,
13.93,
11.326,
8.572,
5.613,
2.365,
-1.305,
-5.631,
-11.044,
-18.432,
-29.823,
-50.059,
-80.027,
-52.532,
-31.081,
-19.127,
-11.477,
-5.926,
-1.52,
2.201,
5.483,
8.466,
11.239,
13.857,
16.359,
18.771,
21.112,
23.396,
25.634,
27.834,
30.003,
32.145,
34.264,
36.364,
38.447,
40.516,
42.572,
44.617,
46.653,
48.679,
50.699,
52.711,
54.718,
56.718,
58.714,
60.706,
62.693,
64.677,
66.656,
68.633,
70.606,
72.576,
74.542,
76.504,
78.461,
80.409,
82.345,
84.257,
86.109,
87.751,
88.347,
87.142,
85.379,
83.495,
81.571,
79.629,
77.676,
75.717,
73.753,
71.784,
69.812,
67.837,
65.858,
63.876,
61.89,
59.9,
57.906,
55.908,
53.904,
51.894,
49.878,
47.855,
45.824,
43.785,
41.735,
39.674,
37.599,
35.51,
33.404,
31.277,
29.128,
26.95,
24.74,
22.49,
20.192,
17.835,
15.403,
12.878,
10.23,
7.42,
4.388,
1.046,
-2.752,
-7.242,
-12.832,
-20.199,
-30.086,
-40.423,
-40.464,
-30.122,
-20.193,
-12.796,
-7.187,
-2.686,
1.118,
4.466,
7.5,
10.313,
12.963,
15.49,
17.922,
20.28,
22.579,
24.829,
27.04,
29.217,
31.367,
33.493,
35.599,
37.688,
39.761,
41.822,
43.87,
45.908,
47.937,
49.958,
51.971,
53.977,
55.977,
57.97,
59.958,
61.94,
63.917,
65.888,
67.853,
69.811,
71.761,
73.702,
75.63,
77.54,
79.424,
81.267,
83.035,
84.655,
85.947,
86.524,
86.06,
84.826,
83.232,
81.476,
79.64,
77.76,
75.853,
73.927,
71.988,
70.039,
68.082,
66.118,
64.149,
62.173,
60.192,
58.206,
56.214,
54.216,
52.212,
50.202,
48.184,
46.158,
44.124,
42.079,
40.024,
37.955,
35.873,
33.774,
31.657,
29.517,
27.351,
25.155,
22.922,
20.645,
18.314,
15.916,
13.433,
10.842,
8.11,
5.191,
2.015,
-1.518,
-5.558,
-10.314,
-16.008,
-22.494,
-27.978,
-28.475,
-23.483,
-16.955,
-11.101,
-6.206,
-2.067,
1.536,
4.76,
7.716,
10.473,
13.084,
15.582,
17.992,
20.332,
22.616,
24.855,
27.056,
29.225,
31.368,
33.488,
35.588,
37.671,
39.74,
41.795,
43.839,
45.873,
47.898,
49.914,
51.922,
53.923,
55.917,
57.904,
59.885,
61.859,
63.827,
65.788,
67.74,
69.683,
71.615,
73.533,
75.432,
77.305,
79.138,
80.91,
82.577,
84.051,
85.152,
85.593,
85.189,
84.112,
82.651,
80.99,
79.222,
77.391,
75.52,
73.622,
71.705,
69.774,
67.831,
65.88,
63.92,
61.953,
59.979,
57.999,
56.012,
54.019,
52.019,
50.012,
47.997,
45.974,
43.942,
41.9,
39.846,
37.78,
35.699,
33.601,
31.485,
29.346,
27.182,
24.986,
22.754,
20.478,
18.148,
15.751,
13.269,
10.68,
7.951,
5.037,
1.872,
-1.638,
-5.626,
-10.261,
-15.656,
-21.45,
-25.765,
-25.546,
-20.99,
-15.188,
-9.855,
-5.28,
-1.338,
2.138,
5.279,
8.175,
10.891,
13.47,
15.944,
18.335,
20.661,
22.933,
25.162,
27.355,
29.517,
31.654,
33.769,
35.865,
37.945,
40.011,
42.064,
44.106,
46.138,
48.16,
50.175,
52.182,
54.183,
56.176,
58.163,
60.144,
62.119,
64.087,
66.048,
68.002,
69.946,
71.88,
73.8,
75.702,
77.578,
79.415,
81.191,
82.859,
84.326,
85.394,
85.753,
85.239,
84.076,
82.561,
80.867,
79.078,
77.232,
75.35,
73.444,
71.521,
69.585,
67.638,
65.682,
63.719,
61.749,
59.773,
57.79,
55.801,
53.805,
51.802,
49.793,
47.775,
45.749,
43.713,
41.667,
39.61,
37.539,
35.453,
33.35,
31.227,
29.081,
26.907,
24.701,
22.457,
20.165,
17.816,
15.394,
12.882,
10.252,
7.468,
4.476,
1.197,
-2.489,
-6.765,
-11.898,
-18.18,
-25.401,
-30.983,
-30.027,
-23.585,
-16.513,
-10.549,
-5.668,
-1.567,
2,
5.195,
8.128,
10.868,
13.465,
15.952,
18.353,
20.687,
22.967,
25.201,
27.399,
29.566,
31.707,
33.826,
35.926,
38.009,
40.079,
42.135,
44.181,
46.217,
48.244,
50.263,
52.275,
54.28,
56.28,
58.274,
60.263,
62.247,
64.225,
66.199,
68.168,
70.13,
72.087,
74.035,
75.973,
77.896,
79.798,
81.664,
83.466,
85.132,
86.465,
86.986,
86.331,
84.938,
83.249,
81.436,
79.564,
77.659,
75.734,
73.794,
71.845,
69.888,
67.924,
65.954,
63.98,
62,
60.015,
58.025,
56.029,
54.028,
52.021,
50.007,
47.985,
45.955,
43.916,
41.867,
39.806,
37.732,
35.642,
33.535,
31.408,
29.257,
27.078,
24.866,
22.614,
20.313,
17.952,
15.516,
12.983,
10.326,
7.503,
4.452,
1.078,
-2.773,
-7.364,
-13.171,
-21.078,
-32.493,
-46.507,
-47.466,
-33.725,
-21.981,
-13.849,
-7.912,
-3.244,
0.655,
4.061,
7.133,
9.972,
12.64,
15.181,
17.624,
19.99,
22.295,
24.55,
26.764,
28.945,
31.098,
33.226,
35.335,
37.425,
39.5,
41.562,
43.613,
45.653,
47.684,
49.708,
51.724,
53.734,
55.738,
57.737,
59.732,
61.722,
63.709,
65.692,
67.672,
69.65,
71.625,
73.597,
75.567,
77.534,
79.498,
81.458,
83.412,
85.353,
87.253,
88.888,
88.367,
86.56,
84.638,
82.692,
80.736,
78.775,
76.811,
74.843,
72.874,
70.902,
68.927,
66.95,
64.97,
62.987,
61.001,
59.011,
57.017,
55.018,
53.014,
51.004,
48.987,
46.963,
44.931,
42.89,
40.837,
38.773,
36.694,
34.6,
32.486,
30.351,
28.19,
25.998,
23.769,
21.496,
19.169,
16.773,
14.291,
11.699,
8.959,
6.021,
2.803,
-0.823,
-5.078,
-10.372,
-17.536,
-28.463,
-47.769,
-80.706,
-55.924,
-32.878,
-20.251,
-12.3,
-6.596,
-2.105,
1.668,
4.982,
7.987,
10.773,
13.4,
15.907,
18.322,
20.663,
22.947,
25.183,
27.38,
29.545,
31.683,
33.797,
35.891,
37.968,
40.031,
42.08,
44.118,
46.146,
48.165,
50.175,
52.179,
54.177,
56.168,
58.155,
60.136,
62.113,
64.086,
66.056,
68.021,
69.983,
71.941,
73.896,
75.846,
77.791,
79.728,
81.654,
83.559,
85.42,
87.148,
88.287,
87.679,
86.065,
84.236,
82.343,
80.425,
78.493,
76.553,
74.608,
72.658,
70.704,
68.748,
66.788,
64.824,
62.858,
60.888,
58.914,
56.936,
54.953,
52.965,
50.972,
48.972,
46.965,
44.95,
42.927,
40.893,
38.847,
36.789,
34.715,
32.623,
30.511,
28.375,
26.21,
24.012,
21.772,
19.483,
17.131,
14.703,
12.175,
9.519,
6.693,
3.633,
0.245,
-3.621,
-8.21,
-13.919,
-21.314,
-30.551,
-38.051,
-35.575,
-26.438,
-17.95,
-11.386,
-6.241,
-2.015,
1.611,
4.835,
7.777,
10.517,
13.106,
15.581,
17.967,
20.282,
22.541,
24.754,
26.928,
29.07,
31.185,
33.278,
35.35,
37.405,
39.445,
41.471,
43.486,
45.49,
47.484,
49.47,
51.448,
53.418,
55.381,
57.338,
59.288,
61.231,
63.168,
65.098,
67.02,
68.934,
70.837,
72.728,
74.603,
76.457,
78.28,
80.056,
81.756,
83.322,
84.639,
85.482,
85.573,
84.873,
83.636,
82.112,
80.437,
78.677,
76.866,
75.022,
73.156,
71.273,
69.378,
67.473,
65.559,
63.639,
61.712,
59.779,
57.84,
55.896,
53.946,
51.989,
50.027,
48.057,
46.08,
44.095,
42.101,
40.097,
38.082,
36.054,
34.011,
31.952,
29.873,
27.772,
25.644,
23.486,
21.29,
19.049,
16.753,
14.389,
11.941,
9.385,
6.692,
3.822,
0.72,
-2.68,
-6.447,
-10.593,
-14.908,
-18.593,
-20.151,
-18.654,
-15.014,
-10.725,
-6.593,
-2.837,
0.556,
3.651,
6.515,
9.201,
11.75,
14.191,
16.547,
18.835,
21.067,
23.253,
25.402,
27.518,
29.607,
31.673,
33.719,
35.747,
37.76,
39.758,
41.745,
43.72,
45.684,
47.639,
49.585,
51.522,
53.451,
55.371,
57.283,
59.186,
61.08,
62.964,
64.836,
66.696,
68.539,
70.364,
72.165,
73.935,
75.664,
77.334,
78.922,
80.386,
81.662,
82.651,
83.229,
83.287,
82.814,
81.903,
80.68,
79.252,
77.69,
76.038,
74.324,
72.567,
70.777,
68.962,
67.129,
65.28,
63.418,
61.545,
59.663,
57.772,
55.873,
53.967,
52.053,
50.131,
48.202,
46.266,
44.321,
42.367,
40.404,
38.431,
36.446,
34.448,
32.436,
30.407,
28.36,
26.291,
24.196,
22.072,
19.914,
17.713,
15.463,
13.153,
10.77,
8.299,
5.723,
3.024,
0.19,
-2.768,
-5.777,
-8.638,
-10.942,
-12.119,
-11.771,
-10.027,
-7.42,
-4.468,
-1.478,
1.418,
4.182,
6.815,
9.335,
11.756,
14.098,
16.372,
18.591,
20.764,
22.898,
24.999,
27.073,
29.122,
31.15,
33.16,
35.153,
37.132,
39.099,
41.053,
42.996,
44.929,
46.853,
48.767,
50.672,
52.568,
54.455,
56.333,
58.2,
60.057,
61.901,
63.732,
65.547,
67.343,
69.116,
70.861,
72.569,
74.229,
75.826,
77.336,
78.725,
79.942,
80.92,
81.574,
81.827,
81.643,
81.049,
80.118,
78.934,
77.571,
76.079,
74.496,
72.847,
71.149,
69.413,
67.647,
65.859,
64.051,
62.227,
60.39,
58.541,
56.682,
54.813,
52.934,
51.047,
49.152,
47.249,
45.336,
43.415,
41.485,
39.545,
37.595,
35.632,
33.658,
31.668,
29.663,
27.64,
25.596,
23.528,
21.432,
19.305,
17.139,
14.928,
12.665,
10.341,
7.946,
5.471,
2.916,
0.292,
-2.351,
-4.897,
-7.114,
-8.652,
-9.155,
-8.481,
-6.816,
-4.533,
-1.964,
0.68,
3.292,
5.834,
8.293,
10.675,
12.988,
15.24,
17.441,
19.599,
21.719,
23.808,
25.869,
27.907,
29.925,
31.925,
33.908,
35.878,
37.834,
39.78,
41.714,
43.638,
45.553,
47.459,
49.356,
51.244,
53.124,
54.994,
56.854,
58.704,
60.543,
62.368,
64.179,
65.972,
67.745,
69.492,
71.206,
72.879,
74.498,
76.045,
77.492,
78.803,
79.924,
80.786,
81.312,
81.439,
81.151,
80.485,
79.512,
78.309,
76.939,
75.448,
73.87,
72.227,
70.536,
68.807,
67.049,
65.267,
63.465,
61.647,
59.815,
57.971,
56.115,
54.249,
52.373,
50.488,
48.595,
46.692,
44.78,
42.859,
40.928,
38.986,
37.033,
35.068,
33.089,
31.095,
29.084,
27.053,
25,
22.921,
20.812,
18.668,
16.483,
14.249,
11.958,
9.598,
7.16,
4.633,
2.016,
-0.678,
-3.388,
-5.973,
-8.157,
-9.54,
-9.759,
-8.747,
-6.788,
-4.298,
-1.603,
1.112,
3.764,
6.328,
8.801,
11.191,
13.509,
15.766,
17.972,
20.134,
22.26,
24.353,
26.42,
28.464,
30.488,
32.495,
34.485,
36.463,
38.427,
40.381,
42.325,
44.259,
46.184,
48.1,
50.009,
51.909,
53.802,
55.686,
57.561,
59.427,
61.282,
63.126,
64.957,
66.772,
68.568,
70.34,
72.082,
73.785,
75.435,
77.014,
78.491,
79.824,
80.948,
81.778,
82.218,
82.203,
81.736,
80.884,
79.743,
78.398,
76.911,
75.325,
73.667,
71.958,
70.21,
68.431,
66.629,
64.807,
62.969,
61.118,
59.254,
57.379,
55.495,
53.601,
51.697,
49.785,
47.864,
45.934,
43.995,
42.045,
40.084,
38.112,
36.127,
34.128,
32.112,
30.079,
28.025,
25.947,
23.841,
21.703,
19.526,
17.304,
15.025,
12.679,
10.249,
7.717,
5.059,
2.248,
-0.742,
-3.915,
-7.218,
-10.439,
-13.08,
-14.386,
-13.823,
-11.629,
-8.554,
-5.23,
-1.976,
1.104,
3.997,
6.725,
9.315,
11.793,
14.181,
16.494,
18.748,
20.952,
23.115,
25.244,
27.343,
29.418,
31.472,
33.507,
35.527,
37.532,
39.525,
41.507,
43.479,
45.442,
47.396,
49.343,
51.282,
53.215,
55.14,
57.059,
58.97,
60.874,
62.771,
64.658,
66.536,
68.401,
70.252,
72.085,
73.895,
75.672,
77.404,
79.07,
80.636,
82.041,
83.188,
83.927,
84.103,
83.668,
82.732,
81.456,
79.97,
78.353,
76.651,
74.893,
73.096,
71.271,
69.423,
67.559,
65.681,
63.79,
61.89,
59.981,
58.063,
56.137,
54.203,
52.261,
50.312,
48.354,
46.387,
44.411,
42.425,
40.428,
38.419,
36.395,
34.357,
32.3,
30.224,
28.124,
25.997,
23.838,
21.64,
19.396,
17.096,
14.726,
12.268,
9.699,
6.985,
4.079,
0.917,
-2.595,
-6.582,
-11.18,
-16.407,
-21.685,
-25.009,
-24.001,
-19.468,
-14.036,
-9.035,
-4.696,
-0.916,
2.444,
5.496,
8.322,
10.977,
13.503,
15.929,
18.276,
20.56,
22.793,
24.983,
27.139,
29.265,
31.367,
33.447,
35.51,
37.556,
39.589,
41.61,
43.621,
45.622,
47.614,
49.599,
51.577,
53.549,
55.516,
57.476,
59.432,
61.383,
63.329,
65.269,
67.205,
69.135,
71.058,
72.973,
74.878,
76.769,
78.641,
80.481,
82.268,
83.958,
85.438,
86.44,
86.52,
85.629,
84.197,
82.528,
80.749,
78.913,
77.042,
75.15,
73.243,
71.324,
69.397,
67.463,
65.522,
63.575,
61.622,
59.664,
57.7,
55.731,
53.755,
51.773,
49.784,
47.787,
45.782,
43.767,
41.742,
39.706,
37.656,
35.591,
33.509,
31.406,
29.281,
27.128,
24.943,
22.719,
20.448,
18.12,
15.719,
13.227,
10.618,
7.852,
4.875,
1.599,
-2.112,
-6.491,
-11.951,
-19.268,
-29.801,
-44.166,
-50.596,
-37.929,
-24.852,
-15.821,
-9.384,
-4.428,
-0.356,
3.16,
6.305,
9.191,
11.892,
14.454,
16.911,
19.285,
21.595,
23.852,
26.066,
28.244,
30.393,
32.517,
34.619,
36.703,
38.772,
40.827,
42.87,
44.903,
46.926,
48.941,
50.95,
52.951,
54.948,
56.939,
58.926,
60.908,
62.887,
64.863,
66.836,
68.807,
70.775,
72.741,
74.705,
76.667,
78.628,
80.586,
82.541,
84.491,
86.429,
88.313,
89.209,
87.532,
85.613,
83.667,
81.713,
79.756,
77.795,
75.832,
73.867,
71.9,
69.93,
67.958,
65.983,
64.005,
62.024,
60.039,
58.051,
56.057,
54.059,
52.055,
50.044,
48.027,
46.002,
43.968,
41.924,
39.868,
37.799,
35.715,
33.614,
31.493,
29.348,
27.175,
24.969,
22.724,
20.43,
18.077,
15.648,
13.125,
10.478,
7.666,
4.626,
1.264,
-2.58,
-7.184,
-13.08,
-21.39,
-34.719,
-58.434,
-71.807,
-43.589,
-26.363,
-16.263,
-9.477,
-4.38,
-0.238,
3.317,
6.489,
9.395,
12.112,
14.689,
17.159,
19.546,
21.867,
24.136,
26.361,
28.551,
30.71,
32.845,
34.958,
37.052,
39.131,
41.196,
43.248,
45.291,
47.323,
49.348,
51.365,
53.376,
55.38,
57.38,
59.374,
61.364,
63.35,
65.332,
67.31,
69.285,
71.256,
73.223,
75.186,
77.144,
79.095,
81.035,
82.956,
84.838,
86.618,
88.002,
87.924,
86.48,
84.687,
82.799,
80.876,
78.935,
76.983,
75.025,
73.061,
71.092,
69.12,
67.145,
65.165,
63.183,
61.196,
59.205,
57.209,
55.209,
53.203,
51.192,
49.173,
47.148,
45.114,
43.071,
41.018,
38.952,
36.873,
34.778,
32.666,
30.532,
28.373,
26.185,
23.962,
21.698,
19.381,
17.001,
14.541,
11.979,
9.283,
6.408,
3.287,
-0.183,
-4.169,
-8.948,
-14.983,
-22.968,
-33.096,
-40.573,
-36.001,
-25.693,
-17.002,
-10.466,
-5.374,
-1.188,
2.414,
5.625,
8.565,
11.308,
13.906,
16.394,
18.796,
21.129,
23.408,
25.642,
27.839,
30.006,
32.146,
34.264,
36.363,
38.446,
40.514,
42.569,
44.614,
46.648,
48.673,
50.691,
52.701,
54.704,
56.701,
58.691,
60.677,
62.656,
64.63,
66.597,
68.559,
70.512,
72.457,
74.391,
76.31,
78.207,
80.072,
81.883,
83.596,
85.106,
86.166,
86.362,
85.576,
84.194,
82.541,
80.759,
78.911,
77.024,
75.113,
73.185,
71.244,
69.294,
67.336,
65.371,
63.4,
61.424,
59.441,
57.454,
55.46,
53.461,
51.455,
49.442,
47.422,
45.393,
43.355,
41.307,
39.247,
37.175,
35.087,
32.981,
30.856,
28.708,
26.532,
24.323,
22.076,
19.78,
17.427,
15.001,
12.482,
9.845,
7.053,
4.051,
0.763,
-2.927,
-7.186,
-12.23,
-18.2,
-24.514,
-28.429,
-26.573,
-20.713,
-14.445,
-9.031,
-4.486,
-0.594,
2.838,
5.942,
8.81,
11.503,
14.064,
16.524,
18.904,
21.22,
23.485,
25.708,
27.895,
30.053,
32.186,
34.298,
36.391,
38.468,
40.531,
42.582,
44.621,
46.651,
48.672,
50.685,
52.69,
54.688,
56.679,
58.664,
60.642,
62.613,
64.578,
66.535,
68.484,
70.422,
72.348,
74.259,
76.148,
78.006,
79.817,
81.553,
83.157,
84.51,
85.39,
85.508,
84.813,
83.562,
82.013,
80.306,
78.512,
76.664,
74.783,
72.878,
70.956,
69.02,
67.075,
65.12,
63.158,
61.188,
59.212,
57.23,
55.241,
53.245,
51.243,
49.233,
47.215,
45.189,
43.153,
41.106,
39.048,
36.976,
34.889,
32.784,
30.66,
28.511,
26.335,
24.126,
21.878,
19.582,
17.227,
14.799,
12.278,
9.639,
6.843,
3.84,
0.552,
-3.129,
-7.353,
-12.292,
-17.961,
-23.557,
-26.436,
-24.222,
-18.812,
-13.073,
-8.023,
-3.707,
0.04,
3.376,
6.415,
9.237,
11.896,
14.432,
16.872,
19.236,
21.54,
23.795,
26.009,
28.19,
30.342,
32.47,
34.578,
36.668,
38.742,
40.803,
42.852,
44.89,
46.919,
48.938,
50.951,
52.955,
54.953,
56.945,
58.93,
60.909,
62.882,
64.848,
66.807,
68.758,
70.7,
72.63,
74.546,
76.441,
78.307,
80.128,
81.876,
83.49,
84.845,
85.691,
85.714,
84.903,
83.567,
81.962,
80.219,
78.401,
76.536,
74.642,
72.727,
70.797,
68.855,
66.904,
64.945,
62.978,
61.005,
59.026,
57.04,
55.048,
53.049,
51.044,
49.031,
47.01,
44.98,
42.94,
40.889,
38.826,
36.75,
34.657,
32.546,
30.414,
28.258,
26.072,
23.851,
21.589,
19.275,
16.899,
14.444,
11.888,
9.201,
6.34,
3.243,
-0.186,
-4.09,
-8.693,
-14.307,
-21.195,
-28.593,
-32.386,
-28.598,
-21.216,
-14.343,
-8.739,
-4.143,
-0.242,
3.184,
6.279,
9.139,
11.825,
14.381,
16.836,
19.212,
21.526,
23.789,
26.01,
28.196,
30.354,
32.487,
34.599,
36.693,
38.771,
40.836,
42.889,
44.931,
46.964,
48.988,
51.005,
53.015,
55.019,
57.017,
59.01,
60.997,
62.98,
64.958,
66.931,
68.899,
70.861,
72.817,
74.764,
76.701,
78.623,
80.521,
82.379,
84.159,
85.764,
86.909,
87.009,
85.984,
84.423,
82.661,
80.812,
78.918,
77,
75.065,
73.119,
71.164,
69.203,
67.236,
65.263,
63.286,
61.303,
59.316,
57.323,
55.325,
53.322,
51.312,
49.295,
47.27,
45.237,
43.194,
41.141,
39.075,
36.995,
34.9,
32.786,
30.651,
28.49,
26.3,
24.074,
21.805,
19.483,
17.097,
14.628,
12.054,
9.341,
6.442,
3.284,
-0.246,
-4.337,
-9.322,
-15.818,
-24.998,
-38.511,
-51.916,
-44.789,
-29.814,
-19.118,
-11.758,
-6.282,
-1.894,
1.827,
5.112,
8.101,
10.879,
13.502,
16.008,
18.424,
20.769,
23.056,
25.297,
27.5,
29.671,
31.815,
33.936,
36.038,
38.123,
40.193,
42.251,
44.297,
46.334,
48.363,
50.383,
52.397,
54.404,
56.407,
58.404,
60.397,
62.386,
64.371,
66.354,
68.333,
70.31,
72.284,
74.256,
76.226,
78.193,
80.158,
82.12,
84.077,
86.021,
87.923,
89.27,
87.882,
,
,
,
Constraint LineOfSight on NorthCusp,
,
StartTime (UTCG),StopTime (UTCG)
10:34.1,29:59.8
48:01.1,05:46.8
23:20.8,42:05.2
58:26.3,18:51.8
36:20.7,55:48.1
17:25.9,35:01.8
55:09.3,15:22.1
31:59.3,51:59.6
08:40.6,26:38.5
44:39.3,02:48.3
20:23.8,40:44.8
55:57.9,16:37.7
30:09.6,49:59.5
02:36.5,22:53.5
37:11.7,57:58.4
14:29.1,33:40.8
51:44.4,09:28.3
26:54.5,45:50.8
02:10.8,22:38.0
40:21.5,59:37.5
21:22.7,39:18.1
58:55.6,19:13.8
35:45.3,55:37.8
12:24.5,30:17.2
48:20.5,06:36.7
24:04.6,44:32.5
59:35.7,20:12.7
33:36.5,53:22.9
06:06.5,26:27.9
40:53.8,01:39.1
18:23.0,37:21.7
55:27.0,13:10.2
30:27.7,49:36.5
05:56.4,26:24.2
44:24.1,03:27.7
25:17.9,43:31.9
02:41.9,23:04.2
39:31.2,59:15.1
16:08.0,33:56.6
52:01.7,10:26.0
27:45.4,48:19.1
03:12.9,23:46.8
37:01.8,56:45.3
09:37.5,30:02.9
44:36.8,05:19.8
22:15.7,41:02.8
59:08.8,16:52.4
34:01.9,53:22.3
09:43.0,30:10.5
48:28.7,07:18.9
29:11.7,47:42.3
06:28.2,26:53.5
43:17.1,02:51.4
19:51.1,37:36.8
55:42.8,14:16.2
31:26.1,52:04.5
06:49.5,27:19.9
40:25.5,00:07.0
13:09.4,33:38.7
48:20.9,09:00.6
26:07.3,44:43.8
02:50.0,20:35.0
37:36.9,57:08.1
13:30.8,33:56.8
52:35.6,11:11.2
33:04.3,51:50.0
10:14.5,30:41.6
47:02.9,06:26.8
23:33.8,41:17.7
59:23.9,18:07.5
35:06.9,55:49.0
10:25.4,30:52.1
43:47.4,03:30.1
16:42.3,37:15.1
52:06.0,12:41.3
29:57.9,48:24.9
06:30.4,24:17.9
41:12.9,00:53.9
17:19.7,37:43.1
56:45.1,15:04.6
36:55.8,55:55.3
14:00.7,34:28.6
50:48.6,10:01.2
27:16.1,44:59.3
03:04.9,21:59.8
38:47.6,59:32.3
14:00.7,34:23.4
47:09.5,06:55.0
20:16.0,40:52.1
55:52.3,16:22.1
33:47.4,52:06.1
10:10.0,28:01.3
44:49.9,04:39.8
21:09.8,41:29.4
00:57.8,18:59.3
40:46.3,59:58.5
17:47.0,38:14.5
54:34.3,13:34.7
30:58.1,48:41.7
06:45.9,25:53.3
42:28.4,03:14.7
17:35.3,37:53.7
50:32.6,10:21.4
23:50.7,44:29.7
59:39.6,20:02.9
,
Constraint FieldOfView on ERPA,
,
StartTime (UTCG),StopTime (UTCG)
No Visibility Remains,No Visibility Remains
